,kaptCode,Complex_Name
0,A13203302,쌍문삼성래미안
1,A13203303,쌍문한양1차
2,A13295201,브라운스톤쌍문
3,A13286107,쌍문한양6차
4,A13287801,쌍문현대3차
5,A13286203,쌍문경남
6,A13286109,쌍문현대1차
7,A13203403,쌍문금호2차
8,A13286110,"쌍문한양2,3,4차"
9,A13287503,쌍문동익파크
10,A13203202,쌍문청구
11,A13286304,쌍문삼익
12,A13286106,쌍문성원
13,A13203408,쌍문금호1차아파트
14,A13286904,쌍문한양7차
15,A13203002,북한산코오롱하늘채
16,A13203102,쌍문극동
17,A13286105,쌍문한양5차
18,A13203001,쌍문동북한산월드메르디앙
19,A13203401,쌍문대우파크힐아파트
20,A13286002,쌍문현대2차
21,A10026175,쌍문염광아파트
22,A10024827,쌍문e-편한세상아파트
23,A10023732,에드가 쌍문 청년주택
24,A10023827,쌍문동 에덴아파트
25,A10023914,인히어쌍문아파트
26,A13285404,방학명품ESA1단지
27,A13202306,방학한화성원
28,A13285503,방학동양크레오
29,A13282510,방학우성2차
30,A13272101,방학명품ESA2단지
31,A13276416,방학우성1차
32,A13202302,방학극동아파트
33,A13285406,방학삼성래미안1단지
34,A13283405,방학벽산2차
35,A13202308,방학삼익세라믹
36,A13276414,방학신동아3단지
37,A13202102,방학성원
38,A13276415,방학청구
39,A13285507,방학4단지신동아
40,A13202103,방학삼성래미안2단지
41,A13202002,대상타운현대
42,A13285401,브라운스톤 방학아파트
43,A13202304,대원그린아파트
44,A13272102,방학동부센트레빌
45,A13283611,방학신동아2단지
46,A13276417,벽산1
47,A13202312,방학신동아1단지
48,A13285305,방학거성학마을
49,A13285601,방학신동아5단지
50,A10026856,신동아 타워 아파트
51,A10026279,방학금광포란재아파트
52,A10027555,방학동효성하이타운
53,A10024822,송학휴스테이아파트
54,A10024463,방학지음재힐스
55,A13204506,창동동아그린
56,A13204502,북한산한신휴플러스
57,A13204501,창동대동
58,A13204505,창동상아2차
59,A13290404,창동금호어울림
60,A13204503,창동현대
61,A13204402,창동현대4차아이파크
62,A13204510,창동북한산아이파크
63,A13292002,창동한신
64,A13204409,창동동아청솔
65,A13204508,창동주공2단지
66,A13204408,상계17단지
67,A13272201,창동대우그린아파트
68,A13204507,창동상아1차
69,A13204302,창동신창
70,A13204001,창동대림
71,A13204406,창동쌍용
72,A13204105,창동주공3단지
73,A13290105,창동주공18단지
74,A13290003,창동동아
75,A13290809,창동주공1단지
76,A13204204,창동대우
77,A13204002,창동신도브래뉴
78,A13290107,창동주공19단지
79,A13292701,창동성원
80,A13204201,창동금용
81,A13204103,창동삼성
82,A13204104,창동주공4단지
83,A13204301,초안산신도브래뉴
84,A13204205,창동태영데시앙
85,A13204203,창동건영캐스빌
86,A13204003,창동한승미메이드
87,A13275001,창동수산트리플아파트
88,A13292501,창동현대타운(주복)
89,A13204404,창동아이파크(창동2.3차현대)
90,A13201003,도봉중흥S클래스
91,A10026109,창동서울가든아파트
92,A10024782,창동한신아파트
93,A13201207,도봉삼환
94,A13201202,도봉파크빌3단지
95,A13201206,도봉동아에코빌
96,A13201201,도봉현대성우
97,A13201203,도봉극동아파트
98,A13275302,도봉서원제2
99,A13293505,도봉래미안
100,A13281802,도봉럭키
101,A13275303,도봉파크빌2단지
102,A13281201,도봉서울가든
103,A13201208,서원아파트
104,A13275301,도봉양우내안애아파트
105,A13201209,도봉한신
106,A13201001,도봉서광
107,A13201002,서울도봉
108,A13280104,도봉유원아파트
109,A10027136,도봉숲 아뜨리움
110,A10026714,도봉중흥S클래스
0,A10026147,신설동 지웰홈스
1,A13007002,용두롯데캐슬피렌체
2,A13070302,래미안용두1차
3,A13007004,용두신동아
4,A10028080,용두 롯데 캐슬리치 아파트
5,A13070301,래미안허브리츠
6,A13007001,용두두산위브
7,A10027274,동대문푸르지오시티
8,A10024042,e편한세상 청계 센트럴포레
9,A10023389,청량리역해링턴플레이스
10,A10023633,래미안 엘리니티
11,A13006001,제기경동미주
12,A13086101,제기안암골벽산
13,A13006101,제기한신
14,A13006003,제기이수브라운스톤
15,A13006002,제기현대
16,A13077201,제기한신제2임대아파트
17,A13084802,전농SK제2(임대)
18,A13084803,전농우성
19,A13071302,래미안크레시티
20,A13002002,래미안아름숲
21,A13084804,전농SK
22,A13085901,전농동아
23,A13071301,전농동아임대
24,A13085902,전농동신성미소지움아파트
25,A13085301,전농삼성
26,A10026180,롯데캐슬노블레스
27,A13075402,래미안엘파인
28,A13003406,답십리동아
29,A13003404,답십리우성그린
30,A13080801,답십리대림
31,A13003202,답십리청솔우성
32,A13003201,답십리두산
33,A13075404,답십리동아제2
34,A13080201,답십리대우
35,A13080702,신답경남아파트
36,A13075405,답십리두산제2
37,A13075403,답십리청솔우성제2
38,A13003005,청계한신휴플러스
39,A13003002,답십리동서울한양
40,A13003402,세양청마루
41,A13003405,답십리동답한신
42,A13003003,답십리두산위브
43,A10028042,센시티16 
44,A10026232,래미안미드카운티
45,A10025754,답십리파크자이
46,A13003007,래미안위브
47,A10026104,힐스테이트청계
48,A10027089,현대썬앤빌청계
49,A10026779,답십리한화아파트
50,A10023891,청계푸르지오시티
51,A13010006,장안현대홈타운
52,A13010004,장안현대힐스테이트
53,A13084701,장안한신
54,A13010002,장안삼성쉐르빌
55,A13010003,장안현대
56,A13078701,장안위더스빌
57,A13010005,래미안장안2차
58,A13084101,래미안장안
59,A13010001,장안2차현대홈타운
60,A10027877,현대썬앤빌601
61,A10025509,동대문서희스타힐스
62,A10025227,동대문더퍼스트데시앙아파트
63,A10023253,신일해피트리2차아파트
64,A10024892,금강아미움아파트
65,A13086703,청량리한신1차
66,A13086704,청량리한신
67,A13086705,청량리미주
68,A13086802,청량리홍릉동부
69,A13086701,청량리현대
70,A13071201,청량리홍릉동부임대
71,A13070101,회기힐스테이트
72,A13087201,청량리신현대
73,A10023539,한일베라체캠퍼스
74,A13009001,휘경동양1.2차
75,A13009206,휘경동일스위트리버
76,A13009202,휘경동일하이빌
77,A13077703,휘경롯데1차
78,A13009101,휘경롯데낙천대
79,A13087405,휘경베스트빌현대
80,A13087401,휘경서울가든
81,A13078301,휘경센트레빌
82,A13009002,휘경주공1단지
83,A13077702,휘경 미소지움아파트
84,A13087407,휘경주공2단지
85,A13009003,브라운스톤휘경
86,A10025410,휘경SK뷰아파트
87,A10027101,휘경현대아파트
88,A10024244,서울휘경행복주택
89,A10023368,회기역 하트리움
90,A10024082,이문휘경지웰에스테이트
91,A10025015,휘경 해모로 프레스티지 아파트
92,A13082702,이문대우1차
93,A13082703,이문현대
94,A13076801,이문삼성래미안아파트
95,A13082502,이문중앙하이츠빌
96,A13083102,래미안이문2차
97,A13079401,대림아파트201동
98,A13082704,이문쌍용
99,A13008001,신이문금호어울림
100,A13079402,이문현대임대
101,A13079403,이문쌍용임대
102,A13082805,이문e-편한세상
103,A13082501,이문삼익아파트
104,A10026322,이문KCC웰츠타워
105,A10024594,이문2차푸르지오아파트
0,A15605103,신동아리버파크
1,A15676701,신동아리버파크제2관리사무소
2,A15605002,노량진우성
3,A15605003,노량진쌍용예가
4,A15605001,노량진삼익
5,A15603205,상도건영
6,A10023966,어바니엘한강
7,A10024524,더클래식동작
8,A15603401,상도경향렉스빌
9,A15603002,브라운스톤상도
10,A15603008,힐스테이트상도프레스티지
11,A15603003,상도건영제2 관리사무소
12,A15683601,상도1동대림
13,A15603004,상도sh-ville
14,A15603206,상도더샵
15,A15603502,래미안상도2차
16,A15603006,래미안상도3차
17,A15671801,상도두산위브
18,A15683901,상도쌍용
19,A15678101,상도현대
20,A15683402,상도동중앙하이츠빌아파트
21,A15603204,상도래미안1차
22,A15678103,힐스테이트상도센트럴파크
23,A15603001,상도동원베네스트
24,A15603203,아이파크상도동
25,A15603009,상도더샵2차
26,A15603007,상도래미안1차제2
27,A15678102,상도삼호
28,A10027472,상도효성해링턴플레이스
29,A10027633,상도2차 두산위브트레지움 아파트
30,A10027614,상도 휴엔하임 도시형생횔주택
31,A10025768,이편한세상 상도노빌리티
32,A10027424,상도파크자이 아파트
33,A10024777,상도동 롯데캐슬 비엔
34,A10024365,상도역롯데캐슬파크엘
35,A15606006,본동한신휴플러스제2
36,A15606002,유원강변
37,A15606007,래미안트윈파크
38,A15606001,경동윈츠리버
39,A15605102,본동한신휴플러스
40,A15606004,본동신동아
41,A15676702,본동SH-ville
42,A15606003,본동삼성래미안아파트
43,A15606005,한강쌍용
44,A10026873,극동강변아파트
45,A15679103,우리유앤미
46,A15679109,흑석한강센트레빌2차
47,A15679104,흑석청호
48,A15679108,흑석한강푸르지오
49,A15607001,흑석동양
50,A15679105,명수대현대아파트
51,A15685702,흑석한강현대
52,A15679107,흑석한강센트레빌
53,A15679106,흑석해가든
54,A10025770,아크로 리버하임
55,A10025867,흑석롯데캐슬에듀포레
56,A10023350,흑석자이
57,A15608002,동작금강KCC
58,A15608003,이수힐스테이트
59,A15608001,이수교스위첸
60,A10025175,신동아갯마을아파트
61,A10023898,이수스위첸포레힐즈아파트
62,A15609305,사당롯데캐슬샤인
63,A15609003,사당휴먼시아
64,A15681802,사당현대아파트
65,A15677204,사당신동아4단지
66,A15609502,사당자이
67,A15609303,사당경남아너스빌
68,A15609001,사당유니드
69,A15681501,사당4-3우성
70,A15609401,사당삼익그린뷰
71,A15609002,사당삼호그린
72,A15681503,사당극동
73,A15609005,사당 대림아파트
74,A15681502,사당우성2단지
75,A15609301,사당롯데캐슬
76,A15677501,남성두산위브트레지움
77,A15609501,사당제일
78,A15609006,신동아5
79,A15609007,이수역리가
80,A15609306,사당동작삼성래미안아파트
81,A10026299,래미안로이파크아파트
82,A15609008,사당대아2차
83,A10027495,이수자이 주상복합
84,A10026025,사당갑을명가아파트
85,A10024642,사당진흥아파트
86,A10024811,남해오네뜨아파트
87,A10025013,사당롯데캐슬골든포레
88,A10024245,이수푸르지오더프레티움
89,A15681103,대방우정
90,A15681106,대방현대1차
91,A15681104,대방2차현대
92,A15602007,대방1차e편한세상
93,A15602002,보라매코오롱하늘채
94,A15676512,대방주공1단지
95,A15681110,대방대림
96,A15602001,대방경남아너스빌
97,A15681108,대방주공2단지
98,A15681105,대방성원
99,A10024752,신한토탈아파트
100,A10023859,대방동신일해피트리 아파트 
101,A15601102,신대방경남교수
102,A15672001,보라매우성
103,A15670001,동작상떼빌주상복합
104,A15601201,신대방신동아
105,A15685201,신대방우성2차
106,A15601104,보라매롯데낙천대
107,A15685503,보라매파크빌
108,A15601105,신대방현대
109,A15672002,보라매삼성쉐르빌
110,A15685206,신대방우성1차
111,A15601003,보라매e편한세상
112,A15601002,보라매아카데미타워아파트
113,A15601103,신대방경남아너스빌
114,A15183001,해태보라매타워
115,A10025504,숲속마을 신동아파밀리에 아파트 
116,A15601004,신대방
117,A15601202,신대방한성
118,A10024733,현진에버빌아파트
119,A10024098,보라매자이 더 포레스트
120,A10023324,캐릭터그린빌아파트
121,A10024188,롯데타워아파트
122,A10023551,동작협성휴포레시그니처아파트
0,A12287204,이편한세상 수색 에코포레
1,A12287203,수색대림한숲타운제2
2,A12287202,DMC진흥아파트
3,A12275501,DMC자이1단지
4,A12209001,DMC청구
5,A10024828,DMC롯데캐슬더퍼스트
6,A10024086,DMC SK뷰 1단지 아파트
7,A12283603,녹번대림
8,A12283602,녹번JR아파트
9,A12283601,녹번현대2차
10,A10027816,북한산 푸르지오 아파트
11,A10025836,힐스테이트녹번
12,A10025846,래미안베라힐즈아파트
13,A10024774,해주드림빌아파트
14,A12284701,불광대호2차
15,A12285703,불광미성
16,A12204002,북한산대창센시티
17,A12204004,북한산힐스테이트3차
18,A12204006,불광롯데캐슬
19,A12204001,북한산수자인
20,A12204003,북한산힐스테이트1차
21,A12204102,북한산현대홈타운
22,A12275201,북한산래미안
23,A12275202,북한산힐스테이트7차
24,A10028056,북한산힐스테이트7차제2 (임대)
25,A12204005,북한산래미안아파트(임대)
26,A10026061,불광삼익아파트
27,A10027568,불광에스에이치빌
28,A10027569,북한산힐스테이트3차 3207동(임대동)아파트
29,A10024026,셀립은평
30,A10024198,불광롯데캐슬4차아파트
31,A12281801,갈현한솔아파트
32,A12271402,갈현베르빌주상복합아파트
33,A12281702,갈현현대1차
34,A12205001,갈현미미
35,A12281701,코오롱하늘채아파트
36,A10024128,현재트윈빌아파트
37,A12282201,경향파크아파트
38,A12282203,구산경남아너스빌
39,A12282102,브라운스톤구산
40,A12205004,갈현현대아파트
41,A12205003,갈현1단지e-편한세상
42,A12276901,구산그린빌
43,A10023734,구산주택
44,A12284501,대조삼성타운
45,A10023467,호반베르디움 스테이원
46,A12201101,응암신동아
47,A12201103,응암푸르지오
48,A12201001,대주피오레아파트
49,A12201102,응암금호
50,A12201301,응암경남
51,A12293002,응암우성
52,A12201002,백련산힐스테이트2차
53,A12290901,백련산힐스테이트3차
54,A12201003,백련산힐스테이트1차
55,A12201005,녹번역센트레빌
56,A12201004,백련산힐스테이트임대
57,A10025310,백련산 sk뷰 아이파크
58,A10025683,백련산파크자이아파트
59,A10027551,서강스카이빌1차아파트
60,A10027547,애필리움아파트
61,A10026834,힐스테이트 백련산4차 아파트
62,A10025018,응암SH빌아파트
63,A10024947,백련산 해모로 아파트
64,A10023994,E편한세상백련산아파트
65,A10024831,녹번역e편한세상캐슬
66,A10024313,힐스테이트녹번역아파트
67,A12289501,역촌센트레빌
68,A10023728,아그네스풍림아이원
69,A12289401,뉴신사신성
70,A12208001,신사두산위브
71,A12208203,신사신성
72,A12208205,신사미성
73,A12208103,신사한신휴플러스
74,A12208204,새절역현대아파트
75,A12208002,신사이랜드타운
76,A12208102,신사씨티
77,A12208104,신사라이프씨티
78,A12289402,신성수정
79,A12208101,신사성원
80,A12208105,신사현대2차
81,A10025659,응암역효성해링턴플레이스
82,A12294102,DMC우방
83,A10025969,증산월드빌아파트
84,A12275801,증산로13길44-5
85,A10023737,DMC자이2단지아파트
86,A10024581,DMC문영퀸즈파크
87,A10024769,DMC 덕원아파트
88,A10023875,DMC센트럴자이
89,A41279902,은평뉴타운상림마을5단지
90,A12220002,은평뉴타운상림마을13단지
91,A41279917,은평뉴타운우물골6단지
92,A41279927,은평뉴타운구파발10단지1관리
93,A41279924,은평뉴타운폭포동4단지제2
94,A41279915,은평뉴타운우물골8단지
95,A41279925,은평뉴타운제각말5단지제3관리사무소
96,A41279922,은평뉴타운제각말5단지제2
97,A12220005,은평뉴타운상림마을1단지
98,A41279910,은평뉴타운박석고개1단지
99,A12220003,은평뉴타운상림마을2단지
100,A41279926,은평뉴타운폭포동4단지제3
101,A41279913,은평뉴타운마고정11단지
102,A41279905,은평뉴타운상림마을4단지
103,A41279916,은평뉴타운우물골5단지
104,A41279923,은평뉴타운제각말5단지제1
105,A41279912,은평뉴타운마고정3단지
106,A41279920,은평뉴타운구파발9-2단지
107,A12220004,은평뉴타운상림마을12단지
108,A41279908,은평뉴타운상림마을제3단지
109,A41279931,은평뉴타운구파발10단지3관리
110,A41279918,은평뉴타운우물골7단지
111,A41279904,은평뉴타운상림마을6단지
112,A41279929,은평뉴타운제각말5단지제4
113,A41279914,은평뉴타운마고정2단지
114,A41279906,은평뉴타운상림마을10단지
115,A41279911,은평뉴타운박석고개제12단지아파트
116,A41279909,은평뉴타운박석고개13단지아파트
117,A41279930,은평뉴타운폭포동4단지제1
118,A41279903,은평뉴타운상림마을7단지
119,A41279907,은평뉴타운상림마을11단지
120,A12220001,은평뉴타운상림마을6단지 제1아파트(8단지 푸르지오)
121,A41279928,은평뉴타운구파발10단지2관리
122,A41279901,은평뉴타운상림마을14단지
123,A41279932,은평뉴타운기자촌11단지
124,A41279919,은평뉴타운 우물골(두산위브4단지)
125,A41279921,은평뉴타운구파발9단지1관리
126,A10025677,은뜨락행복주택
127,A10026842,은평지웰테라스
128,A10026414,은평뉴타운솔하임
129,A10025765,은평스카이뷰자이아파트
130,A10026376,은평뉴타운 한화꿈에그린
131,A10024123,은평뉴타운폭포동4단지제4관리아파트
132,A10024320,은평뉴타운 엘크루아파트
0,A14280502,미아동부센트레빌
1,A14272304,SK북한산시티아파트
2,A14272303,한일유앤아이
3,A14282301,미아2동경남아너스빌
4,A14210001,삼각산아이원임대
5,A14272311,SK북한산시티임대
6,A14272306,미아경남아너스빌
7,A14272308,래미안트리베라2차
8,A14272305,벽산라이브파크
9,A14272313,송천센트레빌
10,A14272310,벽산라이브파크2차
11,A14272307,미아현대
12,A14281701,현대성우
13,A14210002,삼각산아이원
14,A14277601,래미안미아1차
15,A14272309,래미안트리베라1차
16,A14272314,미아뉴타운두산위브트레지움
17,A10026947,꿈의숲롯데캐슬아파트
18,A10023829,꿈의숲한신더휴아파트
19,A10024034,수유역푸르지오시티
20,A10025241,꿈의숲 해링턴 플레이스 아파트
21,A14206303,번동한솔솔파크
22,A14206307,번동솔그린
23,A14206202,번동주공4단지
24,A14206306,번동신원
25,A14270301,수유역두산위브
26,A14206302,번동한진
27,A14206001,번동삼성
28,A14286104,번동한양
29,A14206002,번동금호어울림
30,A14206003,번동1단지주공아파트
31,A14206305,번동기산그린
32,A14206310,번동주공2단지
33,A14286203,번동주공5단지
34,A14286108,해모로
35,A14206301,번동동문아파트
36,A14276311,번동주공3단지
37,A14206201,오동공원현대홈타운
38,A14206004,쌍용
39,A14278101,수유극동아파트
40,A14207203,수유벽산
41,A14207201,래미안수유(임대)
42,A14207202,래미안수유
43,A10023955,에피소드수유838
44,A10023268,칸타빌수유팰리스
45,A14209001,우이대우
46,A14287102,우이동성원아파트
0,A13407204,명일신동아
1,A13407104,명일삼익그린2차
2,A13478601,고덕현대아파트
3,A13407002,"명일삼익가든1,2차"
4,A13482706,고덕주공9단지
5,A13482801,명일현대
6,A13407201,명일삼익그린11차
7,A13407202,명일삼환아파트
8,A13482603,명일한양
9,A13482505,명일동우성
10,A13478602,명일진로
11,A10025415,래미안솔베뉴
12,A10026002,삼환고덕아파트
13,A13483002,명일지에스
14,A13480401,고덕현대
15,A13408003,고덕아이파크아파트
16,A13480402,고덕주공8단지상록
17,A13480403,고덕아남
18,A10027207,래미안힐스테이트 고덕 
19,A10025263,고덕 그라시움 아파트
20,A10024562,고덕센트럴푸르지오
21,A13483803,명일중앙하이츠아파트
22,A13472701,고덕리엔파크3단지
23,A13409001,상일동아
24,A10026403,고덕숲아이파크아파트
25,A10025112,고덕롯데캐슬베네루체
26,A10025104,고덕센트럴 아이파크
27,A10023855,강동리엔파크13단지아파트
28,A10024420,강동리엔파크11단지
29,A10024473,고덕자이 아파트
30,A10024798,상일우성타운
31,A10025010,고덕 아르테온 아파트
32,A10024412,강동리엔파크 14단지 아파트
33,A13481305,길동우성2차
34,A13480803,길동현대아파트
35,A13488104,길동GS강동자이
36,A13470104,청광플러스원큐브3차
37,A13470103,길동라인
38,A13470101,길동삼익파크
39,A13481001,길동우성1차
40,A13470102,강동QV2차
41,A10024972,길동신동아아파트
42,A10024932,e편한세상 강동에코포레 아파트
43,A13470503,둔촌푸르지오
44,A13406204,둔촌신동아
45,A13406003,둔촌하이츠
46,A13406002,둔촌동동아
47,A13470502,신성둔촌미소지움2차
48,A13406005,둔촌프라자
49,A13406205,신성둔촌미소지움1차
50,A13481802,둔촌현대4차
51,A13406201,둔촌현대2차
52,A13470504,둔촌현대3차
53,A13406007,둔촌성원
54,A13485401,암사동한솔아파트
55,A13405002,암사삼성광나루
56,A13405201,암사선사현대
57,A13471501,암사한강현대
58,A13405003,프라이어팰리스
59,A13485302,강동롯데캐슬퍼스트아파트
60,A13485301,강동현대홈타운
61,A10025174,힐스테이트강동리버뷰
62,A13484501,둔촌역청구아파트
63,A13403001,성내2차e-편한세상
64,A13484102,성내코오롱
65,A13403002,성내성안청구
66,A13403101,성내삼성
67,A13484201,성내1차e-편한세상
68,A13484004,SK허브진주상복합아파트
69,A13484003,성내현대
70,A13403005,성내동신일유토빌
71,A10027354,올림픽파크한양수자인
72,A13403004,LIG건영강동리가
73,A13402103,천호우성
74,A13487102,천호현대타워
75,A13402304,천호태영임대
76,A13402002,천호태영
77,A13486703,천호유원
78,A13486102,천호금호
79,A13402003,대우한강베네시티
80,A13486504,천호동아하이빌
81,A13475001,천호동아코아
82,A13486401,천호현대
83,A13402202,천호e-편한세상
84,A13486705,천호중앙하이츠
85,A13486601,천호한신
86,A13402001,천호두산위브센티움
87,A13402305,천호삼성아파트
88,A13402005,천호롯데
89,A13402204,강변그대가리버뷰
90,A13486701,천호삼익
91,A13402004,강동이루미
92,A13472201,천호삼성임대
93,A10027948,강동역신동아파밀리에
94,A10026195,강변그대가갤럭시아파트
95,A10026852,래미안강동팰리스
96,A10023670,천호역한강청년주택
97,A10023695,힐데스하임천호아파트
98,A10023979,어바니엘 천호
99,A10024134,브라운스톤 암사아파트
100,A13410012,고덕리엔파크1단지
101,A13410005,강일리버파크10단지
102,A13410002,강일리버파크8단지
103,A13410008,강일리버파크3단지
104,A13410001,강일리버파크1단지
105,A13410011,고덕리엔파크2단지
106,A13410003,강일리버파크2단지
107,A13410007,강일리버파크9단지
108,A13410006,강일리버파크4단지
109,A13410004,강일리버파크6단지
110,A13410010,강일리버파크7단지
111,A13410009,강일리버파크5단지
112,A10027638,강일리버파크11단지
113,A10024410,강동리엔파크9단지아파트
114,A10024422,강동리버스트6단지
115,A10024487,강일푸르내
116,A10024468,강동리버스트4단지
117,A10024440,강동리버스트 8단지
118,A10024421,강동 리버스트 7단지 아파트
0,A13508012,테헤란 IPARK
1,A13579501,역삼개나리푸르지오
2,A13592604,역삼푸르지오
3,A13508009,역삼아이파크
4,A13508004,역삼동부센트레빌
5,A13579504,한화진넥스빌
6,A13508003,대우디오빌플러스
7,A13508010,역삼쌍용플래티넘밸류
8,A13508002,역삼경남
9,A13579506,개나리SKVIEW
10,A13508006,역삼래미안펜타빌
11,A13508011,래미안그레이튼
12,A13592601,역삼개나리래미안
13,A13592002,대우디오빌역삼
14,A13592706,역삼래미안
15,A13579505,래미안그레이튼3차
16,A13508001,역삼휴먼터치빌
17,A13508005,역삼한스빌아파트
18,A13579503,역삼2차아이파크
19,A13508013,역삼SK허브젠
20,A13592605,역삼e-편한세상
21,A13591402,역삼금호어울림
22,A10027474,역삼자이아파트
23,A10023825,강남센트럴아이파크
24,A10024820,현대까르띠에710아파트
25,A10024813,롯데캐슬노블
26,A13599303,개포주공6단지
27,A13594007,대청
28,A13580602,개포경남아파트
29,A13524004,개포우성3차
30,A13599402,개포주공5단지
31,A13524005,개포현대1차
32,A13593908,SH공사대치1단지
33,A13580001,개포현대3차
34,A13524006,개포2차 현대아파트
35,A13593901,개포자이아파트
36,A13524009,개포대치2단지
37,A13580002,개포우성8차
38,A13599301,개포주공7단지
39,A10025203,디에이치 아너힐즈
40,A10025675,래미안블레스티지
41,A10023565,개포6차우성아파트
42,A10024564,개포래미안포레스트
43,A10023996,개포더샵트리에
44,A10023348,개포자이프레지던스
45,A13510003,청담대우유로카운티
46,A13510001,청담삼성1차
47,A13510201,청담삼환
48,A13510203,청담래미안
49,A13510102,청담현대3차
50,A13510006,청담대림
51,A13510103,삼성청담공원
52,A13510202,청담2차현대아파트
53,A13576201,청담건영아파트
54,A13510005,청담삼성진흥
55,A13510002,청담휴먼스타빌
56,A13510009,청담래미안로이뷰
57,A13510007,청담자이
58,A10025280,청담아이파크아파트
59,A10025755,청담신동아아파트
60,A10024640,청담2차e편한세상아파트
61,A10024186,청담우방아파트
62,A13509001,삼성현대
63,A13570501,삼성동힐스테이트2단지
64,A13550701,삼성동중앙하이츠빌리지
65,A13509005,삼성래미안2차
66,A13509004,삼성한솔
67,A13509010,삼성롯데캐슬프레미어
68,A13509006,삼성서광
69,A13509003,삼성풍림아파트1차
70,A13587603,선릉에클라트
71,A13509012,삼성힐스테이트1단지
72,A13509007,삼성롯데
73,A13570502,래미안삼성1차104단지
74,A13509013,래미안삼성1차(105)
75,A13509015,동일파크스위트
76,A13509101,삼성청구타운
77,A13509009,아이파크삼성동
78,A13509014,래미안삼성1차103단지
79,A10026350,삼성동센트럴아이파크
80,A10026934,삼성동롯데캐슬킹덤아파트
81,A10024131,래미안 라클래시
82,A10023939,삼성석탑아파트
83,A10024819,삼성동한일아파트
84,A10024435,삼성동대성유니드
85,A13528102,대치아이파크
86,A13528103,대치동부센트레빌
87,A13528004,대치미도맨션
88,A13583604,대치선경
89,A13583701,대치현대
90,A13528003,대치삼성
91,A13528007,래미안대치하이스턴
92,A13528005,테헤란로대우아이빌
93,A13528105,개포1차2차우성
94,A13528001,대치대우아이빌4차
95,A13584101,대치포스코더샵
96,A13583507,은마
97,A13528008,대치효성
98,A13583403,대치우성1차아파트
99,A13583404,쌍용대치1차
100,A13583402,대치쌍용2차
101,A10027800,래미안 대치 팰리스
102,A10025646,대치풍림아이원아파트 1.2단지
103,A10026526,대치풍림아이원3.4차아파트 
104,A10024102,대치르엘
105,A10024815,롯데캐슬리베아파트
106,A10026924,대치SK VIEW
107,A10024821,대치롯데캐슬아파트
108,A10024799,대치1차현대아파트
109,A10028094,압구정하이츠파크
110,A10024029,신사삼성래미안아파트
111,A10024814,로데오현대아파트
112,A10024805,압구정대원칸타빌아파트
113,A13501004,논현신동아
114,A13501001,동양파라곤
115,A13572601,동화히스토리
116,A13582002,논현동현
117,A13501007,논현쌍용
118,A13501008,거평
119,A13583301,논현동부센트레빌
120,A13501006,아크로힐스논현
121,A13501002,마일스디오빌
122,A10024457,논현두산2차아파트
123,A10023245,선정릉역 모아엘가퍼스트홈
124,A13501005,논현두산위브1단지
125,A10024501,논현 기린힐스
126,A10024035,강남파라곤
127,A13590204,압구정한양아파트제2단지
128,A13589802,압구정현대아파트
129,A13511201,압구정현대8차
130,A13551103,압구정한양아파트제1단지
131,A13590602,압구정한양3단지
132,A13511001,압구정미성1차
133,A13511004,압구정신현대
134,A13511101,"압구정 현대(10,13,14차)"
135,A13511003,압구정미성2차
136,A13519002,강남신동아파밀리에2단지
137,A13519006,세곡푸르지오
138,A13519007,강남엘에이치1단지
139,A13519004,세곡리엔파크4단지
140,A13519005,강남데시앙파크
141,A13519003,세곡리엔파크3단지
142,A13519001,강남신동아파밀리에1단지
143,A10027558,강남효성해링턴코트
144,A10028172,강남자곡아이파크
145,A13519008,LH강남3단지
146,A13520003,래미안강남힐즈
147,A13520004,강남브리즈힐
148,A10027985,LH강남힐스테이트아파트
149,A13520002,강남한양수자인
150,A10023314,LH수서1단지(행복주택)
151,A13520001,래미안포레
152,A10027909,강남한신휴플러스 8단지
153,A10027912,강남한신휴플러스 6단지
154,A13594702,상록수아파트
155,A13523005,일원목련타운
156,A13523004,일원샘터마을
157,A13594701,한솔마을
158,A13593802,수서1-1단지아파트
159,A13523003,수서가람
160,A13594402,개포한신
161,A13593801,일원동 수서아파트
162,A13594203,푸른마을아파트
163,A13523001,일원청솔빌리지
164,A13594403,개포7차우성
165,A10027571,개포4차현대아파트
166,A10025823,래미안개포루체하임
167,A10023547,개포상록스타힐스
168,A10024216,디에이치 자이 개포
169,A10024258,디에이치포레센트아파트
170,A13522003,수서삼익
171,A13522008,수서주공
172,A13522004,수서삼성
173,A13588402,수서한아름
174,A13522007,수서까치마을
175,A13522006,수서신동아
176,A13552001,서울주택도시공사 수서6단지
177,A13552002,강남데시앙포레
178,A13588601,수서동익
179,A10025204,수서하니움
180,A10027446,강남더샵포레스트
181,A13550502,도곡삼성래미안
182,A13527003,우성캐릭터199 아파트
183,A13527005,현대비전21
184,A13527014,도곡대림아크로빌
185,A13527004,도곡삼성
186,A13585404,래미안도곡카운티
187,A13527002,도곡현대그린
188,A13585403,타워팰리스G동
189,A13527008,도곡경남
190,A13527013,개포4차우성
191,A13527203,도곡렉슬
192,A13527018,양재SK허브프리모
193,A13527017,타워팰리스1차
194,A13585401,개포우성5차
195,A13586102,도곡현대
196,A13585804,역삼럭키
197,A13527007,도곡1차아이파크
198,A13585402,타워팰리스2차
199,A13527011,아카데미스위트
200,A13527016,도곡개포한신아파트
201,A13550403,도곡한신
202,A13586101,도곡대림
203,A13527001,도곡동양재디오빌
204,A13527010,도곡우성아파트
205,A13527019,도곡쌍용예가
206,A13527006,역삼삼익
207,A10027319,도곡한라비발디아파트
208,A13550404,도곡동 포스코트 아파트
209,A10024793,매봉삼성아파트
0,A15786116,염창금호
1,A15704015,염창롯데캐슬
2,A15786118,염창한마음삼성
3,A15786426,염창현대1차
4,A15704025,염창강변한솔솔파크
5,A15776001,염창강변월드메르디앙
6,A15786321,염창관음삼성
7,A15786314,염창태영송화
8,A15704006,염창우성3차
9,A15786222,염창태진한솔
10,A15786420,염창신동아
11,A15786111,염창극동
12,A15786405,염창우성2차
13,A15786424,염창한화꿈에그린
14,A15786104,삼성하나로
15,A15786510,염창한강동아(2차)
16,A15704028,염창동아1차
17,A15704009,염창벽산늘푸른
18,A15786312,염창극동상록수
19,A15704007,염창1차보람더하임아파트
20,A15704023,강변힐스테이트
21,A15704017,염창강변성원
22,A15786227,염창동아3차
23,A15704003,염창월드메르디앙
24,A15704002,염창 일신건영휴먼빌아파트
25,A15704001,염창2차한화꿈에그린
26,A15786213,염창무학
27,A15786408,삼정그린코아
28,A15776003,이너스내안에
29,A15776004,현대3
30,A15785919,염창우성1차
31,A10025600,e편한세상 염창
32,A15776002,태진드림피아
33,A10027541,강서쌍용예가아파트
34,A10024353,염창현대아이파크아파트
35,A10024436,센터스퀘어등촌
36,A10025049,염창동길훈아파트
37,A15783907,한사랑2차삼성아파트(등촌동)
38,A15783703,등촌대림e편한세상
39,A15703004,등촌부영
40,A15703304,등촌주공2단지
41,A15703303,등촌미주진로
42,A15703301,등촌8단지주공아파트
43,A15784008,등촌서광
44,A15772902,등촌우성102동
45,A15703302,등촌동성
46,A15772901,등촌우성101동
47,A15703002,등촌대동황토방
48,A15703005,등촌대동황토방2차아파트
49,A15703309,등촌주공5단지
50,A15703307,등촌대림아파트
51,A15776916,등촌주공9단지
52,A15703001,코오롱하늘채아파트
53,A15784402,등촌태진아름
54,A15776414,등촌주공4단지
55,A15703308,등촌3단지주공아파트
56,A15783806,등촌라인
57,A15776617,등촌주공6단지
58,A15783905,등촌삼성한사랑
59,A15703318,등촌주공11단지
60,A15703204,등촌IPARK
61,A15703313,등촌주공1단지
62,A15783902,등촌태영
63,A15776715,등촌주공7단지
64,A15783701,등촌임광
65,A15784003,등촌코오롱오투빌1차
66,A15703306,등촌주공10단지
67,A15784201,등촌현대1차(한마음)
68,A10025703,삼형그레이스빌아파트
69,A10024768,아임2030(청년주택)
70,A10023934,엘크루발산아파트
71,A10023543,가양역두산위브아파트
72,A15701004,우장산한화꿈에그린
73,A15701601,우장산롯데3차
74,A15788302,화곡대림아파트
75,A15770102,그랜드아이파크
76,A15788901,화곡미성
77,A15792602,화곡푸르지오
78,A15701602,우장산롯데캐슬
79,A15770801,화곡초록
80,A15701002,우장산에스케이뷰
81,A15701003,우장산아이파크이편한세상
82,A15788203,화곡중앙하이츠
83,A15770101,화곡2차보람
84,A15791001,화곡유림노르웨이숲
85,A15701007,강서힐스테이트아파트
86,A10025201,서광 프리메라
87,A15701005,우장산휴먼빌
88,A15701006,명지해드는터
89,A10023515,우장산숲 아이파크
90,A10024145,우장산역 해링턴타워
91,A10024391,태영방송인아파트
92,A15780604,한강타운아파트
93,A15780605,가양2단지
94,A15780905,가양6단지
95,A15780002,가양우성
96,A15781002,가양9-1
97,A15780701,가양중앙하이츠
98,A15780806,가양5단지
99,A15780705,가양4단지
100,A15720101,가양일신건영휴먼빌
101,A15780703,가양대림경동
102,A15774708,가양7단지
103,A15780401,가양강나루현대
104,A15780904,가양도시개발공사8단지(임대)
105,A15780602,가양한보구암
106,A15780603,가양동신대아
107,A15780704,가양3단지(강변)
108,A15720001,강서한강자이
109,A15781003,가양9-2
110,A10025616,가양보람아파트
111,A10024367,가양동 강나루 2차현대아파트
112,A10024792,가양우방아파트
113,A15721001,마곡금호어울림
114,A15721003,마곡신안
115,A15721005,마곡벽산
116,A15722010,마곡엠밸리5단지
117,A15721006,마곡엠밸리6단지
118,A15728011,마곡엠밸리15단지
119,A15721007,마곡엠밸리7단지
120,A15721004,마곡한솔솔파크
121,A15721010,마곡엠밸리14단지
122,A15721009,마곡엠밸리2단지
123,A15721008,마곡엠밸리4단지
124,A15722009,마곡엠밸리1단지
125,A10027433,마곡엠밸리8단지
126,A10027452,마곡엠밸리10단지 아파트
127,A10027403,마곡엠밸리12단지
128,A10026879,마곡13단지 힐스테이트마스터 아파트
129,A10027687,마곡힐스테이트
130,A10027371,마곡엠밸리11단지
131,A10024426,마곡엠밸리9단지
132,A15721011,마곡엠밸리3단지
133,A15728002,마곡수명산파크6단지
134,A15728006,마곡수명산파크4단지
135,A15728009,우장산힐스테이트
136,A15728005,마곡수명산파크7단지
137,A15728010,우장산롯데2차
138,A15728007,마곡수명산파크5단지
139,A15728003,마곡수명산파크3단지
140,A15782501,강서월드메르디앙
141,A15728013,우장산롯데1차
142,A15728008,마곡수명산파크1단지
143,A15728004,마곡수명산파크2단지
144,A15779704,길성그랑프리텔1차
145,A15728014,수산오성
146,A10028020,해태아파트
147,A15781201,강서센트레빌4차
148,A15722005,마곡 한진해모로
149,A15784601,마곡현대아파트
150,A15722106,마곡우림필유아파트
151,A15722314,방화2단지
152,A15785711,방화2-2 그린
153,A15785709,방화청솔3단지
154,A15785703,마곡한숲대림아파트
155,A15722304,치현마을동일스위트리버아파트
156,A15777501,방화12단지(중앙)
157,A15722108,방화동부센트레빌
158,A15722201,마곡서광2차아파트
159,A15785608,방화동 개화아파트
160,A15785002,방화3차우림필유
161,A15785005,방화11단지
162,A15722004,마곡푸르지오
163,A15722203,방화신동아
164,A15785613,방화5단지
165,A15785507,마곡현대1차
166,A15722204,방화대림E편한세상
167,A15785612,방화6단지
168,A15722102,개화산동부센트레빌
169,A15785605,방화9단지
170,A15778101,방화동성아파트
171,A15785601,방화진로
172,A15722307,방화1단지(장미)
173,A15722011,방화길훈
174,A15722003,마곡신안네트빌(1단지)
175,A15773501,방화월드메르디앙
176,A15722007,방화삼성꽃마을
177,A15785710,방화4단지(삼익삼환)
178,A10025641,마곡보타닉경남아너스빌아파트
179,A15722104,마곡청구아파트
180,A15722008,홍익
181,A15722306,마곡서광
182,A10023292,방화메이빌아파트
183,A15722001,마곡삼성
184,A10024505,신마곡 벽산 블루밍 
0,A15380403,가산두산위브
1,A15380101,가산삼익아파트
2,A10025913,가산지웰에스테이트2차
3,A10023956,어바니엘가산
4,A10023288,LH서울금천 행복주택아파트
5,A15382301,독산신도브래뉴
6,A15383601,독산진도2차
7,A15381402,독산계룡
8,A15301105,독산동중앙하이츠빌아파트
9,A15383308,독산주공13단지
10,A15375810,금천이랜드해가든
11,A15370301,독산동한양수자인아파트
12,A15375809,독산주공14단지
13,A15381706,금천현대
14,A15383604,독산진도3차
15,A15381303,독산현대
16,A15383307,독산한신
17,A10027188,금천롯데캐슬골드파크1차아파트
18,A10026024,독산라이프아파트
19,A10026626,금천롯데캐슬골드파크2차
20,A10025946,금천롯데캐슬골드파크3차아파트
21,A10025116,e편한세상독산더타워아파트
22,A15301001,진도1차
23,A10024179,독산동태영아파트
24,A10024302,독산역 롯데캐슬아파트 
25,A15383702,시흥삼익
26,A15386506,남서울럭키아파트
27,A15303002,시흥벽산1단지
28,A15386404,남서울건영아파트
29,A15384501,벽산타운3단지
30,A15303401,시흥금강
31,A15303203,관악우방
32,A15303103,시흥성지
33,A15303202,관악벽산2단지
34,A15378501,시흥월드메르디앙
35,A15383905,남서울 무지개 
36,A15370103,남서울힐스테이트
37,A15384101,현대공무원
38,A15303205,관악벽산타운5단지
39,A15303502,관악산신도브래뉴
40,A15386303,시흥현대빌라
41,A15384603,남서울건영2차
42,A15303204,벽산6
43,A15303003,시흥목련
44,A15303102,시흥베르빌
45,A10026187,백운한비치1차아파트
46,A10025447,경남아파트
47,A10026792,백운한비치2차
0,A15288812,신도림4차e-편한세상
1,A15288806,"신도림우성1,2차"
2,A15288802,신도림대림3차
3,A15288805,신도림대림5차e-편한세상
4,A15288813,신도림동아1차
5,A15288801,신도림우성5차
6,A15288814,"신도림대림1,2차"
7,A15288809,신도림동아2차
8,A15288803,신도림현대
9,A15288804,신도림우성3차
10,A15288807,신도림대림7차e-편한세상
11,A15288810,신도림동아3차
12,A15277302,신도림디큐브시티
13,A15288611,신도림미성
14,A10028063,신도림아이파크아파트
15,A15288808,SK VIEW
16,A15288004,구로현대
17,A15286806,중앙구로하이츠
18,A15284305,구로새솔금호
19,A15205305,구로두산위브
20,A15288002,구로이화우성
21,A15283809,구로우성
22,A15205108,구일우성아파트
23,A15286809,구로주공
24,A15283902,신구로현대
25,A15205103,구로우성(1동)
26,A15284906,구로삼성래미안
27,A15205002,구로두산제2
28,A15283806,구로다솜금호
29,A15205104,구로한일유엔아이
30,A15286210,신도림현대
31,A15205508,신구로자이
32,A15283807,LG신도림자이
33,A15205303,구로한신휴플러스
34,A15285503,구로보광
35,A15286807,구로현대연예인
36,A15286802,구로현대상선
37,A15284101,구로2차순영웰라이빌
38,A15285004,구로극동
39,A15283801,신도림쌍용플래티넘노블
40,A15205301,구로신성미소지움
41,A15205001,우리유앤미
42,A15286805,구로한신1차
43,A15284603,구로럭키
44,A15205513,신도림태영타운
45,A15283803,구로금호어울림
46,A15284204,구로성호주상복합
47,A15285804,구로중앙하이츠아파트
48,A15286602,구로월드
49,A15286801,구로우방
50,A15205405,구로두산
51,A15284302,구로대성스카이렉스
52,A15270501,구로일신건영
53,A10027493,덕영드림아파트 
54,A10026989,대림아르빌아파트
55,A10025743,희훈타워빌
56,A15205511,신도림롯데
57,A10027507,한국현대아파트
58,A10023471,구로오네뜨시티
59,A10023681,신안타워아파트
60,A15208204,고척한일유앤아이
61,A15282403,고척한효
62,A15208201,고척양우
63,A15283707,고척동센츄리
64,A15208006,고척벽산베스트블루밍
65,A15283603,고척경남2차
66,A15283706,고척동아한신
67,A15279403,고척파크푸르지오
68,A15279401,고척청솔우성
69,A15283702,고척우성꿈동산
70,A15283709,고척청구아파트
71,A15283701,고척경남1차
72,A15282810,고척서울가든
73,A15208005,고척마젤란
74,A15208202,고척삼익1단지
75,A15208007,고척월드메르디앙
76,A15282608,고척우성현대
77,A15283704,삼익아파트2단지
78,A15279402,고척LIG리가아파트
79,A15208003,고척삼환로즈빌
80,A15279404,고척대우
81,A15283711,고척벽산블루밍
82,A15282405,산업인
83,A10024846,고척성원
84,A10023604,고척아이파크MD
85,A10023598,고척아이파크RD
86,A15282105,개봉영화
87,A15280304,개봉거성푸르뫼1차
88,A15209206,개봉현대홈타운2단지
89,A15209304,영화 아이닉스
90,A15209207,개봉동현대아파트
91,A15209003,청실아파트
92,A15209305,개봉한진
93,A15209004,개봉동아이파크
94,A15209002,개봉한마을
95,A15209203,개봉두산
96,A15209202,개봉삼호아파트
97,A15280602,신개봉삼환
98,A15209205,개봉삼환
99,A15209303,대상
100,A15209201,개봉상우
101,A15280303,개봉거성푸르뫼2차아피트
102,A15209007,개봉 푸르지오
103,A15209006,개봉고운아파트
104,A15275101,개봉건영
105,A10024745,개봉역 센트레빌레우스
106,A15210101,오류동선
107,A15289508,서울가든빌라
108,A15210104,오류라인
109,A15210102,오류금호어울림
110,A15210103,동부2차아파트
111,A15210206,오류금강
112,A15210105,오류동부덕고개
113,A15210107,오류동부골든
114,A15210211,오류금강수목원
115,A15210106,오류한신플러스타운
116,A15210212,오류동 영풍마드레빌
117,A15278301,오류동부골든SH임대
118,A15210210,오류삼천리
119,A15210209,오류푸르지오
120,A15210207,경남아너스빌
121,A10026434,서울 오류동 행복주택
122,A10027522,우림필유아파트
123,A15278201,동보
124,A15288301,궁동우신빌라
125,A15279101,온수힐스테이트
126,A15210001,천왕연지타운1단지
127,A15213006,천왕이펜하우스1단지
128,A15213004,천왕이펜하우스4단지
129,A15213005,천왕이펜하우스3단지
130,A15213002,천왕이펜하우스6단지
131,A15213007,천왕연지타운2단지
132,A15213001,천왕이펜하우스5단지
133,A10027764,천왕이펜하우스7단지
134,A10026729,천왕연지마을1단지 아파트
135,A10026039,천왕이펜하우스8단지
136,A15213003,천왕이펜하우스2단지
137,A15271601,서울수목원현대홈타운스위트
138,A15271602,그린빌라
139,A10025527,하버라인10단지
140,A10025614,항동하버라인3단지
141,A10025386,항동하버라인 11단지 아파트
142,A10025387,항동하버라인2단지
143,A10025858,항동하버라인8단지
144,A10025564,항동 하버라인9단지
145,A10024849,구로항동우남퍼스트빌
146,A10024927,구로항동제일풍경채포레스트
147,A10025115,항동중흥S클래스베르데카운티
148,A10025193,항동 한양수자인 에듀힐즈
149,A10025302,항동하버라인4단지아파트
0,A15106001,봉천신봉
1,A15192201,관악동부센트레빌
2,A15181602,낙성대현대
3,A15178203,봉천두산3단지
4,A15105302,관악푸르지오아파트
5,A15106103,봉천은천2단지
6,A15178201,관악벽산블루밍
7,A15178202,봉천벽산블루밍3차
8,A15180705,관악드림타운
9,A15176202,성현동아
10,A15106101,봉천은천1단지
11,A15105301,관악푸르지오제2단지
12,A15184101,서울대입구아이원 (1560-61)
13,A15180701,봉천벽산타운2차
14,A15105303,관악현대
15,A15105002,봉천인헌아파트
16,A15105005,서울대입구삼성아파트
17,A15105602,봉천우성제2
18,A15105004,보라매삼성
19,A15192202,봉천동아제2
20,A15106901,"봉천두산1,2단지"
21,A15105503,관악드림타운제2
22,A15176603,봉천갑을
23,A15105006,낙성대현대홈타운
24,A15176602,봉천건영6차아파트
25,A15105008,관악파크푸르지오
26,A15105603,관악우성아파트
27,A15178204,관악벽산블루밍임대
28,A15105007,부미아띠랑스힐
29,A10025423,e편한세상서울대입구1단지아파트
30,A10026710,프라비다2
31,A10025428,e편한세상서울대입구 3단지
32,A10025092,e편한세상서울대입구아파트
33,A10025422,이편한세상 서울대입구2단지
34,A10024638,관악월드메르디앙아파트
35,A10024666,서희스타힐스
36,A10024514,관악위버폴리스
37,A10023372,BX201 청년주택
38,A10023490,일두아파트
39,A10024894,이편한세상서울대입구2차(5단지)
40,A15177101,라이프아파트
41,A15101503,신림2차푸르지오
42,A15176701,관악국제산장
43,A15186002,대학동현대(구신림9동)
44,A15101501,보라매갑을
45,A15188801,신림초원
46,A15101101,신림동부
47,A15185201,신림현대성우
48,A15179403,신림주공2단지
49,A15187101,신림우방
50,A15101506,삼성산주공3단지
51,A15101505,신림벽산블루밍
52,A15190301,신림미성
53,A15179701,임광관악파크
54,A15101802,신림신도브래뉴
55,A15101508,신림현대
56,A15188101,신림건영2차
57,A15185704,신림건영1차
58,A15101504,관악산휴먼시아
59,A15102203,신림쌍용
60,A15101507,신림주공1단지
61,A15101702,관악산휴먼시아3단지
62,A15102202,신림동부센트레빌
63,A15190705,신림푸르지오
64,A15101901,신림금호타운1차
65,A15102902,신림건영4차
66,A15101509,신림SH빌(임대)
67,A15101903,건영3차아파트
68,A15178401,신림2차현대
69,A10026910,관악우정하이비전아파트 1단지
70,A10024621,태흥아파트
71,A10023661,힐스테이트뉴포레
72,A10024749,신림2차금호타운
73,A10024634,신림서초아파트
74,A15108003,남현우림루미아트
75,A15108001,남현동한일유앤아이
76,A10025511,남현동 흥화 브라운아파트
0,A14322001,중곡SK
1,A14322002,성원상떼빌
2,A10023395,리마크빌 군자
3,A14320001,구의현대7단지
4,A14383205,구의현대2단지
5,A14320302,구의강변우성
6,A14320002,구의대림아크로리버
7,A14383203,구의현대6단지
8,A14320304,구의현대프라임
9,A14320004,아차산휴먼시아
10,A14382101,구의삼성쉐르빌
11,A10025573,세림리오빌아파트
12,A14320003,구의현대13차폴라트리움
13,A10026874,강변에스케이뷰
14,A10024667,구의세양아파트 
15,A10025985,래미안 구의 파크스위트 아파트
16,A10023951,광진그랜드파크
17,A14381512,광장현대5단지
18,A14321001,광장11현대홈타운
19,A14380605,광장신동아파밀리에
20,A14380414,극동2차아파트
21,A14381508,광장현대9차
22,A14375301,광장힐스테이트
23,A14381415,광장현대3단지아파트
24,A14380211,워커힐아파트
25,A14381516,광장현대파크빌
26,A14375302,워커힐푸르지오
27,A14381513,광장청구
28,A14380409,광장극동1차
29,A14381510,광장현대8단지
30,A14381506,"광장삼성1,2차"
31,A14381504,광장동금호베스트빌
32,A14381407,광장동 광나루현대
33,A14375303,현대홈타운12차
34,A10026162,상록타워 아파트
35,A10024751,광장자이아파트
36,A10023281,광장 유진스웰
37,A14319305,광진트라팰리스
38,A14319307,자양한라
39,A14386802,자양경남
40,A14319201,현대강변
41,A14319204,자양현대3차
42,A14319002,자양한강극동
43,A14386110,자양우성3차
44,A14377402,이튼타워리버5차
45,A14319203,자양현대5차
46,A14319005,자양한강현대
47,A14319010,한강우성아파트
48,A14319303,자양현대홈타운10차
49,A14376501,한솔리베르
50,A14319012,자양더샵스타시티
51,A14319007,자양현대홈타운8차
52,A14319003,자양현대
53,A14319011,자양우성1차
54,A14319301,자양현대6차
55,A14388208,자양동삼성아파트
56,A14319008,자양대동
57,A14387605,자양한양
58,A14388204,자양7차현대홈타운
59,A14319302,자양우방리버파크
60,A14319001,자양경남아너스빌
61,A14319006,자양2차현대
62,A14319306,이튼타워리버3차
63,A14319015,구의현대홈시티
64,A14375801,우성6
65,A14319009,자양로얄동아
66,A14319311,자양우성7차
67,A14386109,자양우성2차
68,A10026399,강변아이파크아파트
69,A14319014,자양
70,A10026720,래미안 프리미어 팰리스
71,A10023336,자양하늘채베르
72,A10024154,금강KCC아파트
73,A14319013,한강성원
74,A10024132,자양 호반써밋아파트
75,A10023282,광진한화꿈에그린아파트
76,A10024965,ym프라젠스파아파트
77,A14313001,화양현대
78,A10025404,아스하임4차
79,A14383901,군자일성파크
80,A10028012,광진We’vePark
0,A11005401,광화문스페이스본 아파트
1,A11007001,경희궁의아침3단지
2,A11087101,경희궁의아침2단지
3,A11014001,로얄팰리스스위트
4,A11034001,현대뜨레비앙
5,A11041001,효성주얼리시티아파트
6,A10027162,포레스트힐시티
7,A10023586,힐스테이트 창경궁
8,A11052201,명륜아남1차
9,A11076701,주상복합아남
10,A10023741,명륜아남2차아파트
11,A11054301,창신쌍용1단지
12,A11054101,창신두산
13,A11077101,창신쌍용아파트2단지
14,A11055002,종로청계힐스테이트
15,A11087601,롯데캐슬천지인
16,A11087602,종로센트레빌
17,A10024713,숭인상가아파트
18,A10026940,경희궁자이4단지주상복합
19,A10027105,경희궁자이3단지
20,A10027118,경희궁자이2단지 아파트
21,A10026946,경희궁자이1단지(임대아파트)
22,A10024669,동익빌라
23,A11001203,평창삼성
24,A11084601,평창롯데
25,A10024780,금강주택
26,A11081503,무악현대
27,A11008001,무악현대임대
28,A11081302,인왕산아이파크
29,A10027708,인왕산2차아이파크아파트
30,A10025710,경희궁 롯데캐슬아파트
0,A10088101,남산SK리더스뷰
1,A10088102,남산롯데캐슬아이리스
2,A10072501,쌍용남산플래티넘
3,A10086301,충무로진양
4,A10071301,남산센트럴자이
5,A10025223,충무로엘크루메트로시티2
6,A10028201,인현신성
7,A10023352,세운푸르지오헤리시티
8,A10026849,묵정아파트
9,A10024327,오렌지카운티 을지로
10,A10023356,힐스테이트세운센트럴1단지
11,A10023343,힐스테이트세운센트럴2단지
12,A10045403,신당삼성(분양)
13,A10045401,신당삼성임대
14,A10045601,신당현대
15,A10045302,신당남산타운(분양)
16,A10045404,신당약수하이츠
17,A10045001,신당푸르지오
18,A10045402,약수하이츠아파트(임대)
19,A10078901,래미안신당하이베르
20,A10078902,래미안신당하이베르임대
21,A10045301,신당남산타운임대
22,A10078103,청구e편한세상임대
23,A10078102,파라다이스
24,A10045002,청구e편한세상(분양)
25,A13302201,한진해모로
26,A10025456,신당 파인힐 하나유보라
27,A10025372,신당KCC스위첸아파트
28,A10023488,약수역 더시티
29,A10095501,동대문와이즈캐슬
30,A10095502,청계천두산위브더제니스
31,A10044002,롯데캐슬베네치아
32,A10044001,SH황학롯데캐슬베네치아
33,A10086801,황학아크로타워
34,A10024801,황학코아루
35,A10023548,정동상림원아파트
36,A10024359,삼정아트테라스정동
37,A10027364,덕수궁롯데캐슬아파트 
38,A10024756,순화동포스코더샵
39,A10085902,중림삼성래미안아파트
40,A10085903,중림삼성사이버빌리지
41,A10095301,브라운스톤서울
42,A10023788,더플레이스충정로 
43,A10080701,LIG서울역리가
44,A10026881,서울역센트럴자이아파트
45,A10026517,서울역한라비발디센트럴아파트
0,A13120701,용마산금호어울림
1,A13184401,면목삼호
2,A13183202,용마한신2차아파트
3,A13184301,면목신성은하수
4,A13183504,면목늘푸른동아아파트
5,A13183701,아남리치카운티
6,A13181203,용마금호타운
7,A13120403,면목경남아너스빌
8,A13184107,"면목두산4,5단지"
9,A13183405,면목대원칸타빌
10,A13120704,면목금호어울림
11,A13184502,면목성원
12,A13183303,용마동아아파트
13,A13120001,면목마젤란
14,A13188406,면목두산2.3차
15,A13177701,면목
16,A13183204,용마한신
17,A13184208,면목현대
18,A13175101,일신강변
19,A13177702,면목두원
20,A13183502,면목삼익
21,A13181201,면목신성미소지움
22,A13175103,면목한신
23,A13175102,솔루테
24,A10028033,용마산하늘채아파트
25,A10025159,한양수자인사가정파크아파트
26,A13120003,면목두산6차
27,A10024703,면목 라온 프라이빗 아파트
28,A10023384,용마산모아엘가파크포레
29,A10024443,쌍용더플래티넘용마산
30,A10024741,사가정 센트럴 아이파크 아파트
31,A10023835,중랑지웰에스테이트
32,A10024366,면목풍림아파트
33,A10023606,면목1차두산아파트
34,A13122002,상봉프레미어스엠코
35,A13185602,상봉우정
36,A13185603,신내건영1차
37,A13170401,한일써너스빌아파트
38,A13186306,신내12단지
39,A13186401,동부아파트
40,A13122104,상봉태영데시앙
41,A13186305,신내엘지쌍용
42,A13185607,신내건영2차아파트
43,A13122001,상봉건영캐스빌
44,A10027670,상봉듀오트리스
45,A13187501,중화극동
46,A13187702,중화한신아파트
47,A10027456,중화동양엔파트 주상복합
48,A10026046,청광플러스원 아파트
49,A10023899,범양프레체
50,A13176801,묵동극동늘푸른아파트
51,A13114103,묵동금호어울림
52,A13184804,묵동신도1차
53,A13184609,신내4단지
54,A13184610,신내5단지대림두산
55,A13114106,묵동신안3차
56,A13185508,묵동브라운스톤태릉
57,A13185501,묵동세방
58,A13185507,묵동신안1차
59,A13185502,묵동신안2차
60,A13114002,묵동아이파크
61,A13185402,묵동한국
62,A13114201,묵동동구햇살
63,A10025855,e편한세상화랑대아파트  
64,A10025187,묵동리본타워
65,A10026469,묵동자이2단지아파트
66,A13114003,장미
67,A10023815,로프트원 태릉입구역
68,A10023285,묵동월드메르디앙
69,A10023834,칼튼테라스
70,A13123102,중랑숲금호어울림
71,A13176102,중랑해모로
72,A13123002,중랑숲Liga아파트
73,A13123001,예성그린캐슬아파트
74,A13123101,망우신원
75,A13176101,한일써너스빌리젠시
76,A13123003,금호
77,A10027498,가야아파트
78,A13123004,한울네세창
79,A10023816,서울양원1단지
80,A10024008,신내역 힐데스하임아파트
81,A10024018,양원역 금호어울림포레스트아파트
82,A10024214,신내역 금강펜테리움 센트럴파크아파트
83,A10023952,중랑숲시티프라디움
84,A13186801,신내다우훼밀리
85,A13186503,신내석탑
86,A13176902,신내9단지임대
87,A13113002,신내벽산
88,A13113006,신내경남아너스빌
89,A13186905,신내라이프미성
90,A13113001,신내동성7차
91,A13186502,신내우남푸르미아
92,A13178101,신내데시앙
93,A13176901,신내6단지
94,A13113003,신내동성4차
95,A13187306,신내10단지
96,A13186504,신내영풍마드레빌
97,A13187406,신내새한아파트
98,A13113004,신내동성3차아파트
99,A13187302,신내대명11단지
100,A13187305,신내9단지
101,A13186907,신내중앙하이츠
102,A13187004,신내성원
103,A13186708,신내동성1차2차
104,A13187201,신내8단지두산화성
105,A13187203,신내진로아파트
106,A13113008,신내우디안1단지
107,A13113007,신내 데시앙포레  
108,A10025397,신내우디안4단지 아파트
109,A10027297,대성유니드아파트
110,A10027775,신내의료안심주택
111,A13178102,경원
112,A10025137,신내글로리움아파트
0,A12101001,서서울삼성아파트
1,A12175203,마포래미안푸르지오
2,A10027951,공덕자이(임대)
3,A12175202,마포트라팰리스2차
4,A10027906,공덕자이 아파트
5,A10027090,마포센트럴아이파크
6,A10023508,마포더클래시
7,A12170601,삼성래미안공덕4차
8,A12102008,삼성래미안공덕2차
9,A12102005,마포현대아파트
10,A12180404,공덕삼성임대
11,A12180407,공덕삼성
12,A12170603,공덕래미안5차
13,A12170602,공덕2삼성임대
14,A12102002,공덕한화꿈에그린
15,A12180401,공덕현대
16,A12180506,공덕삼성래미안3차
17,A10027748,공덕파크자이 아파트
18,A10024408,공덕SK리더스뷰 1단지
19,A10024626,공덕SK리더스뷰 2단지
20,A12103006,대우메트로디오빌
21,A12185304,신공덕2차삼성래미안
22,A12179001,브라운스톤공덕
23,A12179005,공덕아이파크
24,A12179004,마포펜트라우스
25,A12185303,신공덕삼성1차
26,A12179002,신공덕삼성임대
27,A12179003,신공덕2삼성래미안제2
28,A12103002,신공덕3차삼성래미안
29,A10027504,월드마크마포아파트
30,A12179006,신공덕e-편한세상
31,A10024334,마포KCC웰츠타워
32,A12181406,도화현대1차아파트
33,A12170401,마포동원베네스트
34,A12104007,마포도화우성아파트
35,A12170402,마포한화오벨리스크
36,A12181403,도화현대2차아파트(임대)
37,A12104005,마포삼성
38,A12104001,도화현대
39,A12181404,도화현대홈타운
40,A12187602,래미안용강아파트
41,A10028006,e편한세상마포리버파크
42,A12187501,래미안마포리버웰
43,A12106001,토정한강삼성
44,A12105001,마포쌍용황금
45,A10025672,마포 보성 아파트
46,A12181103,마포태영아파트
47,A12172401,마포자이2차
48,A12181101,동양엔파트
49,A12181102,마포태영제2
50,A12172402,서희스타힐스
51,A10025003,신촌그랑자이아파트
52,A12109002,염리삼성래미안
53,A12109001,마포자이
54,A12187403,염리상록
55,A10026036,마포자이 더 센트리지 아파트
56,A10024597,염리동세양청마루아파트
57,A10024347,마포프레스티지자이아파트
58,A12172201,신촌포스빌
59,A12171201,밤섬경남아너스빌
60,A12185602,신수세양청마루
61,A12185605,대원칸타빌
62,A12185606,마포신촌삼익아파트
63,A12111001,마포경남아너스빌
64,A12185504,신수성원
65,A12185603,신수현대
66,A10024974,신촌숲 아이파크 아파트
67,A12112001,밤섬현대
68,A12112002,마포강변힐스테이트
69,A10027714,래미안 웰스트림
70,A12119007,창전삼성
71,A12188201,신촌금호
72,A12188205,신촌태영데시앙
73,A12188202,창전현대홈타운
74,A12177801,서강한화오벨리스크스위트
75,A12119006,서강쌍용예가
76,A12119004,서강해모로
77,A10025633,마포 웨스트리버 태영데시앙아파트
78,A12177802,창전삼성임대
79,A10024425,이랜드PEER 신촌 청년주택
80,A12182901,상수두산위브
81,A12170702,래미안밤섬리베뉴 2
82,A10028177,래미안밤섬리베뉴 Ⅰ
83,A12115001,한강밤섬자이아파트
84,A12114001,서강GS
85,A12174601,메세나폴리스
86,A12184201,서교동대우미래사랑
87,A10024784,서교푸르지오아파트
88,A10024891,서교동 효성해링턴타워 
89,A10027902,마포한강푸르지오
90,A10027301,마포한강2차푸르지오
91,A12123001,망원휴먼빌아파트
92,A12182101,망원1차대림
93,A12182401,망원2차대림
94,A10026053,마포한강 아이파크
95,A10027572,마포영화블렌하임
96,A10023755,마포한강 J-SKY아파트
97,A10024150,망원성원2차아파트
98,A10023665,우림 루미아트
99,A12186901,코오롱하늘채
100,A10024587,대명비발디아파트
101,A12185001,성사1차 풍림아파트
102,A12125001,성산2차e-편한세상
103,A12185003,SH성산아파트
104,A12185004,성산시영아파트
105,A12171101,월드컵아이파크1단지
106,A12125202,성산월드타운대림
107,A10027157,서울가좌행복주택 
108,A12187901,중동계룡
109,A12187906,월드컵참누리
110,A12187904,DMC마포청구아파트
111,A12187703,성산2차현대
112,A12187905,마포중동현대
113,A12187902,건영월드컵
114,A12127007,상암월드컵1단지
115,A12127004,상암월드컵파크2단지
116,A12127005,상암월드컵파크7단지
117,A12127003,상암월드컵파크3단지
118,A12127001,상암월드컵파크5단지
119,A12127006,상암월드컵파크4단지
120,A12179508,상암월드컵파크10단지
121,A12179504,상암월드컵파크9단지
122,A12179503,상암월드컵파크11단지
123,A12127002,상암월드컵파크6단지
124,A12179502,DMC상암센트럴파크1단지
125,A12127008,상암월드컵8단지
126,A12179501,DMC상암센트럴파크2단지
127,A12179505,상암월드컵파크12단지
0,A13991017,월계초안산쌍용
1,A13905208,월계6-2초안
2,A13905202,월계흥화브라운빌
3,A13985107,월계청백4단지
4,A13984604,월계동신
5,A13984411,월계사슴3단지
6,A13905102,월계대동
7,A13984603,월계삼창
8,A13905204,월계6-1초안
9,A13985201,월계극동
10,A13985106,월계청백1단지
11,A13984813,월계주공1단지
12,A13987501,성북역신도브래뉴
13,A13905105,월계동현대
14,A13987503,월계2차한일
15,A13984814,월계주공2단지
16,A13984004,월계그랑빌
17,A13991016,월계동원베네스트
18,A13985103,월계대우아파트
19,A13985105,월계청백3단지
20,A13984409,월계사슴2단지
21,A13984003,월계삼호4차
22,A13995602,월계사슴1단지
23,A13905003,월계풍림아이원
24,A13905301,월계서광
25,A13987502,월계역신도브래뉴
26,A13991018,롯데캐슬루나
27,A13905302,성원(사슴4)
28,A13991015,월계유원
29,A13905101,월계한일1차
30,A13984005,월계시영고층
31,A10027121,녹천역두산위브아파트
32,A10027716,꿈의숲 SK뷰 아파트
33,A10025097,월계센트럴아이파크아파트
34,A10024636,세양청마루
35,A10024812,월계우남아파트
36,A13980513,공릉풍림아이원
37,A13924003,공릉한보아파트
38,A13994501,공릉현대성우
39,A13980801,공릉대동1차
40,A13980010,공릉화랑타운
41,A13980415,공릉두산힐스빌
42,A13980018,공릉비선
43,A13980107,공릉신도1차
44,A13980509,공릉삼익4단지
45,A13980009,공릉태릉우성
46,A13980014,공릉해링턴플레이스(구.효성화운트빌)
47,A13980012,공릉우방4단지
48,A13924004,공릉삼익1차아파트
49,A13980510,공릉2단지라이프
50,A13924205,공릉동부
51,A13980102,공릉신원
52,A13980604,공릉대아2차
53,A13980413,화랑해링턴플레이스
54,A13980511,공릉3단지라이프
55,A13980105,공릉대동2차
56,A13980402,공릉건영장미
57,A13980108,공릉우성
58,A13980407,효성아파트
59,A13980803,공릉1동삼익
60,A13980004,청솔아파트8
61,A13980706,공릉대주파크빌
62,A13980403,공릉삼익2차
63,A13980401,공릉신성미소지움
64,A13980017,공릉2-6
65,A13980512,공릉1단지
66,A13980411,공릉동신
67,A13980019,공릉태강
68,A10026289,공릉2차신도브래뉴아파트
69,A13980006,공릉청솔9단지
70,A10027622,노원프레미어스엠코
71,A13974401,공릉현대
72,A10023991,태릉해링턴플레이스
73,A10023478,한일휴니스빌
74,A10023990,청년주택 와이엔타워
75,A13987305,하계학여울청구
76,A13923001,중계한신코아
77,A13987303,하계현대우성
78,A13993502,하계한신동성
79,A13923104,하계미성
80,A13923106,하계2차현대아파트
81,A13923102,하계우방
82,A13987304,하계6단지(장미)
83,A13977913,중계주공9단지
84,A13987205,하계1차청구아파트
85,A13923108,하계청솔
86,A13993901,하계학여울청구A
87,A13987301,하계학여울청구B
88,A13987302,하계시영5단지
89,A13987306,하계극동건영벽산
90,A13993503,하계한신
91,A13993501,하계삼익선경
92,A13923103,하계청구
93,A10026660,노원에너지제로주택
94,A13983810,상계수락파크빌
95,A13973202,비콘드림힐
96,A13974103,상계은빛3단지
97,A13983712,상계3차현대아파트 
98,A13920804,상계주공10단지 
99,A13920106,상계극동늘푸른
100,A13981608,상계동양메이저
101,A13920707,상계주공6단지
102,A13920209,상계중앙하이츠2차
103,A13981402,상계청암1단지
104,A13982701,상계임광아파트관리사무소
105,A13920205,상계한일유엔아이
106,A13920001,상계우방
107,A13982301,상계주공11단지
108,A13983815,상계은빛2단지
109,A13981604,노원현대아파트
110,A13981407,상계조합대림
111,A13921005,상계주공9단지
112,A13983707,상계현대1차
113,A13981405,청암2단지
114,A13983608,상계한신
115,A13982002,상계한신3차
116,A13982604,상계보람
117,A13982103,상계양우아파트
118,A13920706,상계주공4단지
119,A13981901,상계주공13단지
120,A13982003,상계신동아
121,A13920105,상계수락한신
122,A13971501,상계미도
123,A13920102,상계수락현대
124,A13989701,상계동아불암
125,A13920803,상계주공16단지
126,A13994302,상계한양
127,A13983713,두산아파트
128,A13983709,상계현대2차
129,A13981606,상계대동아파트
130,A13981304,상계한신1차
131,A13983803,상계대림e-편한세상
132,A13974102,수락리버시티3단지
133,A13980903,상계성림(미라보)
134,A13982702,상계마들대림
135,A13983816,상계은빛1단지
136,A13981001,상계불암대림제2
137,A13982005,상계한신2차
138,A13974101,수락리버시티 4단지
139,A13982704,상계주공7단지
140,A13982202,상계주공12단지
141,A13982101,상계성원
142,A13920207,상계1차중앙하이츠
143,A13981903,상계주공14단지
144,A13983101,상계마들
145,A13920506,상계벽산
146,A13920703,상계주공5단지
147,A13920202,상계코오롱
148,A13981006,상계불암대림
149,A13983811,수락산벨리체아파트
150,A13971502,상계주공3단지
151,A13989702,상계동아불암임대
152,A13920104,우림루미아트1.2단지
153,A13983801,대망드림힐
154,A13973201,노원우성
155,A13981204,상계불암현대(임대)
156,A13983004,상계주공2단지
157,A13920501,상계금호타운
158,A13920802,상계주공15단지
159,A13981208,상계불암현대
160,A13983105,상계주공1단지
161,A10027601,중계센트럴파크아파트
162,A10025133,노원 센트럴푸르지오
163,A10027533,비콘드림힐아파트
164,A10024547,포레나노원 아파트
165,A10024770,상계 대창센시티
166,A10024434,상록수아파트
167,A10024778,상계중앙하이츠아파트
168,A13985402,중계현대그린
169,A13985907,중계염광아름빌
170,A13985605,중계중앙하이츠
171,A13986207,중계양지대림1-2임대
172,A13985904,중계현대2차(4동)
173,A13922406,중계주공4단지
174,A13922105,중계양지대림2-2임대
175,A13922001,중계청암3단지
176,A13986606,중계성원1차
177,A13922102,중계신안
178,A13986004,중계주공10단지
179,A13986013,중계건영3차
180,A13985909,중계주공2단지
181,A13922907,동진신안
182,A13922903,중계대림벽산
183,A13922103,중계3벽산
184,A13986509,중계주공1단지
185,A13922910,중계주공7단지
186,A13972601,중계건영2차
187,A13986302,중계경남롯데상아
188,A13985908,중계주공3단지
189,A13922909,중계주공6단지
190,A13922114,중계주공5단지
191,A13986111,중계라이프신동아청구아파트
192,A13986701,중계성원2차
193,A13922111,중계주공8단지
194,A13922908,중계삼성
195,A13993001,중계현대3차
196,A13972603,중계4단지목화
197,A13986306,중계그린
198,A13922904,중계금호
199,A13986703,중계경남아너스빌
200,A13986012,중계청구3차
201,A13986702,삼창타워프라자
202,A13986504,중계무지개아파트
203,A13985406,중계현대6차
204,A13922110,중계양지대림2차
205,A13993002,중계현대2차
206,A13922108,중계양지대림1차
207,A13986505,중계시영3단지목련
208,A13986201,중계우성3차
209,A13922003,중계한화꿈에그린더퍼스트
210,A13922905,중계한화꿈에그린
211,A13986009,롯데우성
212,A13922901,중계현대1차
213,A13922002,중계진로유통조합아파트(중계진로대림아파트)
214,A13972602,중계중앙하이츠아쿠아
0,A13782601,쌍용예가클래식
1,A13785302,방배우성
2,A13706302,방배래미안타워
3,A13706001,방배아크로리버
4,A13706002,방배SH-VILLE
5,A13785203,방배1차현대
6,A13782602,방배신삼호
7,A13770801,방배한신트리플
8,A13785301,방배래미안
9,A13784907,방배신동아
10,A13783001,방배3차e편한세상
11,A13782902,현대멤피스아파트
12,A13784401,방배브라운가
13,A13784102,방배1차이편한세상
14,A13771601,방배서리풀e편한세상
15,A13782803,롯데캐슬헤론
16,A13785004,방배삼익
17,A13785008,래미안방배아트힐
18,A13785005,"방배임광1,2차"
19,A13785201,방배2차현대홈타운
20,A13706303,방배대우효령
21,A13785001,방배임광3차
22,A13783802,방배디오빌
23,A13782804,삼호
24,A13771001,방배롯데캐슬아르떼
25,A10025472,신동아럭스빌아파트
26,A10027585,방배3차 현대 홈 타운 아파트
27,A10025927,방배아트자이
28,A10027016,방배자이아파트
29,A10026154,디오슈페리움1차
30,A10024857,방배아크로타워아파트
31,A10024171,방배그랑자이아파트
32,A10024942,방배서리풀그랑블아파트
33,A10023272,방배롯데캐슬로제
34,A10024322,삼호한숲아파트
35,A10023620,방배 현대멤피스 2차 아파트
36,A13789002,양재신영체르니
37,A13713001,양재리본타워1단지
38,A13789201,양재우성KBS(113동)
39,A13713002,양재리본타워2단지
40,A13789203,양재우성
41,A13790003,우면동동고
42,A13790004,우면대림
43,A13778212,LH서초3단지
44,A13778201,서초네이처힐4단지
45,A13778208,서초네이처힐1단지
46,A13778210,LH서초5단지
47,A13778205,서초네이처힐3단지
48,A13778209,LH서초4단지
49,A13778306,서울우면
50,A13778203,서초네이처힐7단지
51,A13778202,서초네이처힐5단지
52,A13778211,서초호반써밋
53,A13790002,우면코오롱
54,A13778207,서초네이처힐6단지
55,A13790001,우면한라
56,A13778214,서초네이처힐가든
57,A13778213,서초네이처힐2단지
58,A13778204,서초힐스
59,A13703019,롯데캐슬갤럭시2차
60,A13790828,신반포4차
61,A13703011,잠원롯데캐슬갤럭시1차
62,A13703027,잠원동아
63,A13790709,신반포한신19차
64,A13790717,신반포한신16차
65,A13790929,신반포한신2차
66,A13790706,잠원한신로얄
67,A13790707,잠원현대
68,A13790604,잠원동대우아이빌
69,A13790902,잠원킴스빌리지
70,A13790722,잠원한신
71,A13790701,잠원한신그린
72,A13790910,반포한신타워
73,A13790612,잠원훼미리 아파트
74,A13790716,"신반포 한신 25,26,27차 아파트"
75,A13790713,신반포청구
76,A13790703,잠원신화
77,A13779431,신반포22
78,A13790620,한강
79,A13790714,강변아파트
80,A13779432,한신타운
81,A10026004,신반포자이아파트
82,A10026227,아크로리버뷰 신반포 
83,A10026977,월드메르디앙아파트
84,A13790721,신반포7차
85,A10025418,래미안 신반포 리오센트
86,A10025381,잠원중앙하이츠B아파트
87,A13790726,신반포한신5지구(12차)
88,A10023673,반포 르엘 아파트
89,A10024913,반포센트럴자이아파트
90,A10027439,래미안 신반포팰리스
91,A10023462,반포르엘2차
92,A10023971,신반포20차아파트
93,A13770105,반포미도2차
94,A13704404,반포미도아파트
95,A13780403,반포한신서래
96,A13776508,반포푸르지오
97,A13776301,반포리체
98,A13776510,반포힐스테이트
99,A13780402,반포현대동궁
100,A13704101,반포삼호가든맨션5차
101,A13704104,반포자이
102,A13776509,래미안퍼스티지
103,A13780201,엠브이아파트
104,A10027205,아크로리버파크
105,A10026015,반포써밋
106,A10026342,라인아파트
107,A10025550,두산힐스빌아파트
108,A13704004,반포SKVIEW
109,A10026051,반포래미안아이파크
110,A10024254,디에이치반포라클라스
111,A10024646,궁전아파트
112,A13788208,서초래미안
113,A13770610,서초아트자이
114,A13770608,서초현대ESA2차
115,A13707203,풍림아이원플러스
116,A13707016,서초교대e편한세상
117,A13788203,유원서초아파트
118,A13785705,서초우성5차아파트
119,A13788002,"서초현대1,2차"
120,A13792001,서초삼풍
121,A13785607,롯데캐슬클래식
122,A13787105,서초한빛삼성
123,A13772801,서초현대아파트
124,A13770607,서초5차e편한세상
125,A13707006,대림서초리시온
126,A13785604,서초진흥
127,A13786606,서초더샵
128,A13788206,서초아크로비스타
129,A13786704,서초한신플러스타운
130,A13788003,서초삼성래미안
131,A13770611,서초이오빌
132,A13707017,서초동아타워
133,A13786601,서초자이
134,A13707010,래미안서초유니빌
135,A13770609,현대슈퍼빌
136,A13707003,서초대우아이빌
137,A13775101,신동아아파트
138,A13786901,서초1차e편한세상
139,A13788201,서초현대4차
140,A13775102,서초삼성쉐르빌2
141,A13707002,아남
142,A13707009,래미안 서초스위트 아파트
143,A10028146,서초롯데캐슬프레지던트
144,A13786803,서초3차e편한세상
145,A13707019,서초한신리빙타워
146,A13787102,서초2차e편한세상
147,A13792306,서초트라팰리스1차
148,A13770606,더미캘란
149,A13707018,삼성서초가든스위트
150,A10026941,서초푸르지오써밋
151,A10026317,서초한일아파트
152,A10026411,래미안서초에스티지에스아파트
153,A10025615,경남아너스빌 101동 아파트
154,A10027221,래미안 서초에스티지
155,A10025375,지웰홈스 서초
156,A10026972,서초동 아이파크
157,A10026340,서초롯데캐슬84아파트
158,A10024987,서초동원베네스트아파트
159,A10026337,래미안서초7차아파트
160,A10023644,월드메르디앙오페라하우스
161,A10023694,엠쉐르빌
162,A10024574,서초센트럴아이파크
163,A10024240,서초그랑자이
164,A10024687,서초현대홈타운
165,A10023688,서초금호어울림아파트
166,A10024552,래미안리더스원
167,A10024156,서초꽃마을주얼리
168,A10028021,서초포레스타2단지아파트
169,A13718001,서초더샵포레
170,A13716001,서초포레스타7단지
171,A10028105,서초포레스타6단지
172,A10028046,힐스테이트서초젠트리스
173,A13716002,서초포레스타5단지
174,A13716003,서초포레스타3단지
0,A12070201,충정리시온
1,A10024966,더스타일하우스디센트럴
2,A12003001,충정로 skview 아파트
3,A12005001,냉천동부센트레빌
4,A12070101,돈의문센트레빌
5,A12004001,서대문천연뜨란채아파트
6,A12007001,독립문삼호
7,A12008001,독립문파크빌
8,A12008003,독립문극동
9,A12079601,독립문극동임대
10,A12079501,북아현두산
11,A10027851,신촌푸르지오 아파트
12,A10026370,e편한세상신촌아파트
13,A10024719,힐스테이트신촌
14,A12009303,홍제현대그린
15,A12009202,홍제삼성래미안
16,A12009001,홍제유원하나제2
17,A12078704,홍제원 현대
18,A12078707,홍제원현대임대
19,A12009201,홍제성원아파트
20,A12009304,홍제유원하나
21,A12009305,문화촌현대
22,A12009102,홍제현대아파트
23,A12086001,홍제태영으뜸
24,A12009101,홍제남양
25,A12078706,홍제청구3차
26,A12085303,홍제한양
27,A12009302,인왕산벽산아파트
28,A12009203,홍제무악청구1차
29,A12078705,홍제인왕산현대
30,A12078201,인왕산현대
31,A10025767,홍제센트럴아이파크
32,A10027681,홍제금호어울림아파트
33,A12009002,인왕산한신휴플러스
34,A10023959,홍제역 해링턴플레이스아파트
35,A10023560,서대문푸르지오센트럴파크
36,A10024620,인왕산어울림 아파트
37,A10023330,무악재한화
38,A12076401,홍제비콘드림힐
39,A12017001,신촌럭키
40,A12071101,연희성원
41,A12071104,연희자이엘라
42,A12071103,연희대림아파트
43,A12011002,연희대우
44,A12071102,연희임광아파트
45,A10025822,연희파크푸르지오 아파트 
46,A12010103,홍은풍림2차
47,A12071001,홍은두산
48,A12010104,홍은벽산
49,A12010202,홍은풍림아이원
50,A12010001,홍은동원베네스트
51,A12084504,홍은현대
52,A12071003,홍은미성아파트
53,A12010203,홍은극동
54,A12071002,홍은동부센트레빌
55,A12084302,유원홍은
56,A10026604,북한산 더샵
57,A10025166,북한산 두산 위브
58,A12010101,홍은풍림1차
59,A12071004,진흥
60,A10023562,홍은동일아파트
61,A10024692,세한숲속마을아파트
62,A10023449,e편한세상 홍제가든플라츠
63,A10023482,힐스테이트 홍은포레스트 아파트
64,A10024532,북한산두산위브2차
65,A12081703,디엠씨한양
66,A12081602,월드컵현대
67,A12013001,DMC휴먼빌
68,A12013201,DMC두산위브
69,A12013003,DMC래미안e편한세상
70,A12076601,북가좌삼호제2
71,A12013202,북가좌삼호
72,A12013002,DMC아이파크
73,A12013101,디엠씨현대
74,A10024428,북가좌 신일해피트리아파트
75,A12012201,DMC래미안클라시스
76,A12072801,DMC센트레빌
77,A12012202,DMC래미안클라시스
78,A12012101,래미안남가좌2차
79,A12012203,남가좌현대아파트
80,A12072802,남가좌현대제2
81,A10027817,DMC파크뷰자이아파트
82,A10027019,상암DMC엘가
83,A10025976,DMC센트럴아이파크 
84,A12012001,쌍용스윗닷홈
85,A10024938,래미안루센티아 아파트
86,A10025130,DMC에코자이
87,A10023709,DMC금호리첸시아
0,A13679903,돈암신일해피트리
1,A13606002,돈암포스코더샵
2,A13606101,돈암풍림
3,A13606003,돈암일신건영휴먼빌
4,A13606106,돈암삼성임대
5,A13681303,돈암동부센트레빌
6,A13606105,돈암풍림임대
7,A13606107,돈암삼성
8,A13679902,돈암힐스테이트
9,A13606005,동소문한진임대
10,A13606201,브라운스톤 돈암
11,A13606102,돈암범양
12,A13681304,돈암현대
13,A10027350,대성유니드아파트
14,A10027227,돈암코오롱하늘채아파트
15,A13606004,돈암한신한진아파트
16,A10028001,금호어울림센터힐아파트
17,A10025140,동소문현대아파트
18,A13603401,동소문동송산
19,A13603701,동소문한신휴플러스
20,A13603501,돈암동일하이빌
21,A13603702,브라운스톤동선
22,A13672101,삼선푸르지오아파트
23,A13672102,삼선힐스테이트
24,A13604301,삼선1SH-VILLE
25,A13670801,삼선SKView
26,A13604401,삼선코오롱아파트
27,A13607101,안암삼성래미안
28,A13607301,안암삼익
29,A13607302,안암대광
30,A13608401,보문하우스토리주상복합
31,A13608601,보문아남
32,A10027189,보문파크뷰자이아파트
33,A10023669,보문리슈빌하우트
34,A13608301,보문아이파크
35,A13677401,이편한세상보문
36,A13676501,정릉쌍용
37,A13610007,정릉풍림아이원
38,A13685104,정릉중앙하이츠빌1단지
39,A13684306,정릉중앙하이츠빌2단지
40,A13684701,정릉중앙하이츠
41,A13677101,정릉2차 e편한세상
42,A13677206,정릉우성
43,A13610003,정릉힐스테이트1차아파트
44,A13610001,정릉우방아파트
45,A13684605,정릉푸른마을동아
46,A13676605,길음뉴타운 데시앙
47,A13610004,정릉산장
48,A13677807,정릉우정에쉐르
49,A13610107,길음뉴타운 경남아너스빌
50,A13610202,정릉푸르지오
51,A13610301,정릉성원
52,A13610103,정릉힐스테이트
53,A13676504,정릉스카이쌍용
54,A13676703,정릉1차e-편한세상
55,A13676702,정릉대우
56,A13610005,정릉힐스테이트3차
57,A13610201,정릉2차대주피오레
58,A13676704,정릉풍림아이원임대
59,A13610102,길음뉴타운10단지
60,A10028000,정릉꿈에그린아파트
61,A10024237,청신호 행복주택 정릉하늘마루
62,A10024056,정릉피오레
63,A13611202,길음동부센트레빌
64,A13611011,래미안길음뉴타운9단지
65,A13611201,길음래미안2차
66,A13611005,길음래미안3차
67,A13611007,"길음뉴타운푸르지오아파트2,3단지"
68,A13611006,길음뉴타운대림4단지
69,A13680701,길음신안파크
70,A13611103,래미안길음1차
71,A13679403,길음뉴타운7단지
72,A13611002,길음동부제2
73,A13611004,길음삼부
74,A13611010,길음뉴타운8단지제2
75,A13611009,길음SHVILLE
76,A13611001,길음뉴타운4단지임대
77,A13611102,길음뉴타운3단지임대
78,A13611008,길음뉴타운8단지
79,A13679402,길음뉴타운9단지제2
80,A13606006,길음현대
81,A10025638,래미안길음센터피스
82,A13611012,길음뉴타운7단지제2
83,A10023926,롯데캐슬클라시아
84,A10025753,길음뉴타운11단지 롯데캐슬골든힐스아파트
85,A13671204,종암2차아이파크
86,A13609001,종암우림카이저팰리스
87,A13671210,종암SK제2
88,A13671209,래미안라센트
89,A13671212,래미안종암2차
90,A13671203,종암선경아파트
91,A13671207,종암극동아파트
92,A13671208,래미안세레니티
93,A13671205,종암SK
94,A13671213,종암2차SK뷰
95,A13671206,종암아이파크1차
96,A13686302,종암삼성래미안
97,A13671211,래미안종암3차
98,A10024603,종암sh빌아파트
99,A13613011,동일하이빌뉴시티
100,A13613005,하월곡동신
101,A13613004,성북힐스테이트
102,A13613001,하월곡아남
103,A13613201,하월곡샹그레빌
104,A13613003,월곡3SH-vill
105,A13613012,길음서희스타힐스
106,A13613010,월곡두산제2아파트임대
107,A13613009,꿈의숲푸르지오
108,A13613008,월곡두산위브아파트
109,A13613007,래미안월곡
110,A13613002,월곡2SHville임대
111,A13613006,월곡래미안루나밸리
112,A10023322,삼전솔하임3차
113,A10024661,월곡갑을명가주상복합아파트
114,A13612001,상월곡우남
115,A13612002,성북동아에코빌
116,A13678401,동아에코빌
117,A13614001,꿈의숲대명루첸
118,A13614301,장월SH-VILLE1단지
119,A13614302,장위참누리
120,A10026571,꿈의숲코오롱하늘채아파트
121,A10025461,래미안장위포레카운티아파트
122,A10025245,래미안퍼스트하이
123,A10024702,장위우방아파트
124,A10023569,장위지웰에스테이트
125,A10024488,꿈의숲아이파크아파트
126,A10025259,석계역 한일노벨리아시티
127,A13615003,석관두산
128,A13676103,신동아파밀리에
129,A13681701,석관중앙하이츠
130,A13676101,래미안석관
131,A13676102,석관래미안제2임대
132,A13615002,석관코오롱
133,A10025283,래미안아트리치 
0,A13373302,왕십리텐즈힐2구역214동
1,A13373301,텐즈힐2구역
2,A13302203,하왕극동미라주
3,A13302204,하왕금호베스트빌
4,A13385705,한신무학
5,A13302001,청계벽산
6,A13377302,금호베스트빌아파트 제2관리사무소
7,A13385802,무학현대
8,A13377301,하왕십리극동미라주2
9,A13302206,왕십리풍림아이원
10,A13388001,청계벽산아파트제2관리사무소
11,A10027969,왕십리텐즈힐1단지(임대)
12,A10027920,텐즈힐1단지
13,A10027289,센트라스
14,A10026900,왕십리 자이 아파트
15,A10027454,왕십리모노퍼스
16,A10027432,서울 왕십리 KCC스위첸아파트
17,A10024762,청계대주파크빌
18,A13370801,성동삼성쉐르빌
19,A13305006,마장삼성
20,A13305005,마장SH-vill임대
21,A13381601,마장중앙하이츠
22,A13305002,마장동 대성유니드 아파트
23,A13305003,마장신성미소지움
24,A13305007,마장세림
25,A13381608,마장현대
26,A13381604,마장동금호어울림
27,A13381701,사근중앙하이츠
28,A13307202,신동아
29,A13377902,행당대림제2
30,A13307204,행당대림
31,A13377903,행당한진타운제2
32,A13307201,행당브라운스톤
33,A13307101,서울숲삼부아파트
34,A13373101,행당한신임대
35,A13377703,행당한진타운
36,A13386702,서울숲한신더휴아파트
37,A13307001,행당두산
38,A13307002,서울숲행당푸르지오
39,A13307003,서울숲더샵
40,A13377901,행당두산위브아파트
41,A10025685,서울숲행당푸르지오(임대)
42,A10026207,서울숲리버뷰자이아파트
43,A10025686,행당두산위브아파트(임대)
44,A10024464,지웰홈스 왕십리
45,A13385301,서울숲리버그린동아
46,A13385202,응봉대림2차
47,A13308004,응봉금호현대
48,A13385303,응봉신동아
49,A13376906,응봉대림강변
50,A13308005,응봉대림1차
51,A13380104,금호벽산
52,A13309103,금호벽산(임대)
53,A13309102,금호삼성래미안
54,A13309101,신금호두산위브
55,A10026418,e편한세상금호파크힐스
56,A13380302,래미안하이리버
57,A13380301,금호자이1차
58,A10027602,신금호파크자이아파트
59,A13380303,래미안하이리버제2임대
60,A13380602,금호1차푸르지오
61,A13380703,금호두산
62,A13309301,금호한신휴플러스
63,A13379001,금호자이2차
64,A13378101,금호대우임대
65,A13380803,서울숲푸르지오
66,A13378102,서울숲2차푸르지오
67,A13380901,브라운스톤금호아파트
68,A13309404,금호대우
69,A13309402,금호동롯데아파트
70,A10026470,힐스테이트서울숲리버
71,A13378103,서울숲2차푸르지오임대
72,A10023252,브라운스톤 금호2차아파트
73,A13375907,래미안옥수리버젠
74,A13375906,어울림더리버아파트
75,A13375904,옥수하이츠제2
76,A13375901,한남하이츠
77,A13310004,옥수극동
78,A13384403,옥수극동그린아파트
79,A13375905,옥수삼성임대
80,A13376702,옥수현대
81,A13375903,옥수강변풍림아이원
82,A13375902,옥수삼성
83,A13383801,옥수중앙하이츠
84,A13375908,래미안옥수리버젠제2임대
85,A10026748,옥수파크힐스아파트
86,A13375909,극동옥정
87,A13382502,성수현대
88,A13311101,성수금호3차
89,A13384301,한양현대아파트
90,A13372102,성수쌍용
91,A13379401,성수갤러리아포레
92,A13372101,성수2차대우
93,A13376405,성수한진타운
94,A13384304,성수동아그린
95,A13392307,강변건영
96,A13384303,뚝섬중앙하이츠빌
97,A13381902,성수현대그린
98,A13382104,서울숲대림아파트
99,A13382106,성수동아
100,A10026988,트리마제
101,A10024503,아크로 서울포레스트
102,A13312303,성수아이파크
103,A13312302,성수롯데캐슬
104,A13378001,서울숲힐스테이트
105,A13383301,성수우방2차
106,A13383003,성수청구강변 
107,A13382802,성수한강한신
108,A13312101,성수두산위브
109,A10023316,성수신성아파트
110,A10025101,성수 대명루첸아파트
111,A13383702,송정건영
112,A13316001,서울숲아이파크
113,A10024886,용답동힐데스하임 청년주택
0,A13822002,잠실동트리지움
1,A13822004,잠실엘스아파트 
2,A13886701,잠실현대
3,A13879102,잠실5단지아파트
4,A13822902,잠실우성4차
5,A13822702,"잠실우성1,2,3차"
6,A13822003,잠실리센츠
7,A13822301,갤러리아팰리스
8,A13822701,잠실아시아선수촌
9,A13822001,잠실레이크팰리스
10,A10027523,월드메르디앙주상복합아파트
11,A10023599,잠실엘타워
12,A13872503,잠실푸르지오월드마크
13,A13824002,잠실더샵스타파크
14,A13872502,롯데캐슬골드
15,A13824005,신천장미1차2차
16,A13824006,잠실파크리오
17,A13824001,포스코더샵스타리버
18,A13824003,한신코아
19,A13872504,장미3차
20,A13804206,풍납한강극동
21,A13887302,풍납동아한가람
22,A13887301,풍납신성노바빌
23,A13887405,풍납 현대리버빌1차
24,A13804002,풍납쌍용
25,A13804003,풍납시티극동
26,A13887702,풍납미성
27,A13887403,현대리버빌2차아파트
28,A13804001,풍납극동
29,A13804004,풍납현대
30,A13887901,송파현대힐스테이트
31,A10025467,풍납대아아파트
32,A10026804,강변현대아파트 
33,A10025632,송파해모로아파트
34,A10025185,잠실올림픽공원아이파크
35,A10024379,(풍납)대동아파트
36,A10024358,풍납 갑을아파트
37,A13885306,가락삼익맨숀
38,A13817001,래미안송파파인탑
39,A13877501,송파삼성래미안
40,A13885304,송파한양2차
41,A13885301,송파현대1차
42,A13885102,한양아파트
43,A13885303,송파미성
44,A13817101,송파호수임광
45,A10028083,송파SK아파트
46,A10025460,잠실아르누보팰리스
47,A10023610,송파kcc아파트
48,A13819001,잠실한솔
49,A10027881,석촌호수 효성해링턴타워
50,A13880806,가락쌍용1차
51,A13880407,가락금호
52,A13881103,삼환가락
53,A13880701,가락미륭아파트
54,A13816101,송파동부센트레빌
55,A13895503,한화오벨리스크
56,A13816202,가락극동
57,A13816001,가락현대5차
58,A13880406,가락우성1차
59,A13881005,가락래미안파크팰리스
60,A13881204,가락프라자
61,A13895501,송파성원상떼빌
62,A13816002,가락동부센트레빌
63,A13880603,가락한신
64,A13880602,가락우성2차아파트
65,A13880105,가락2차쌍용아파트
66,A13880204,가락대림아파트
67,A13816005,송파롯데캐슬파인힐
68,A44377203,아주
69,A13895502,가락3차쌍용
70,A13880201,가락현대6차
71,A10025850,헬리오시티아파트
72,A13820006,문정래미안
73,A13820001,문정3차푸르지오
74,A13820002,문정세양청마루
75,A13820004,가락1차현대아파트 
76,A13820201,올림픽훼밀리타운
77,A13820007,문정시영
78,A13882402,문정푸르지오1차
79,A13882401,문정푸르지오2차
80,A13820005,문정건영
81,A10027346,파크하비오푸르지오아파트
82,A10024172,문정현대아파트
83,A13821001,송파파인타운4단지
84,A13821004,송파파인타운7단지
85,A13821002,송파파인타운11단지
86,A13876112,송파파인타운13단지
87,A13876110,송파파인타운3단지
88,A13821007,송파파인타운9단지
89,A13876113,송파더센트레아파트
90,A13876109,송파파인타운2단지
91,A13821003,송파파인타운5단지
92,A13876111,송파파인타운1단지
93,A13876114,송파꿈에그린아파트
94,A13876108,송파파인타운6단지
95,A13821006,송파파인타운8단지
96,A13821005,송파파인타운10단지
97,A10028086,위례 송파푸르지오
98,A10026682,위례포레샤인아파트
99,A10027632,송파 와이즈더샵
100,A10027744,위례아이파크아파트
101,A10027553,위례2차아이파크아파트
102,A10027461,힐스테이트 송파위례아파트
103,A10023897,위례중앙푸르지오아파트
104,A10023296,송파파인타운12단지
105,A13805001,방이대림가락
106,A13883601,잠실한양3차
107,A13805002,올림픽선수기자촌아파트
108,A13883602,방이코오롱
109,A13805003,신구블레스밸리
110,A10026209,올림픽베어스타운
111,A13813008,오금대림
112,A13813003,오금삼성
113,A13813002,오금우방
114,A13813010,오금현대아파트
115,A13813005,가락우창
116,A13813006,오금현대백조
117,A13886009,상아2차아파트
118,A13813004,가락상아1차
119,A13873701,오금현대백조(임대)
120,A10026734,송파레미니스아파트
121,A10025657,송파 두산위브아파트
122,A10026249,송파레미니스2단지
123,A10026362,송파호반베르디움더퍼스트
124,A10023333,오금쌍용스윗닷홈2.3.4
125,A13881401,거여현대2차
126,A13811203,거여4단지
127,A13881601,거여우방
128,A13811205,거여5단지
129,A13881302,거여현대3차
130,A13811204,거여3단지
131,A13811202,동아효성아파트(거여2단지)
132,A13811206,거여1단지
133,A13811001,거여6단지
134,A13881603,거여현대1차
135,A10024655,쌍용스윗닷홈거여역1차아파트
136,A10023887,송파 시그니처 롯데캐슬아파트
137,A10024085,송파위례리슈빌
138,A10025284,거여리본타운 아파트
139,A10024492,위례포레샤인13단지아파트
140,A10023922,송파레이크파크 호반 써밋2
141,A10023927,송파레이크파크호반써밋1차
142,A10024152,포레나송파
143,A10024787,이편한세상 송파파크센트럴
144,A10024197,위례포레샤인15단지
145,A10024577,위례포레샤인18단지
146,A13812004,마천우방
147,A13881701,송파파크데일1단지
148,A13812003,금호어울림1차
149,A13812001,마천금호어울림2차
150,A13812002,마천금호
151,A13812005,송파파크데일2단지
152,A10026961,송파파크데일3단지아파트
153,A10026717,마천동신동아아파트
0,A15807316,신트리4단지
1,A15807004,신정이펜하우스4단지
2,A15807003,신정이펜하우스5단지
3,A15807704,목동2차우성임대
4,A15886504,신정5차현대
5,A15807101,목동9단지
6,A15885306,신정쌍용
7,A15807001,경남아너스빌
8,A15807205,롯데캐슬
9,A15807604,목동8단지
10,A15885307,신정청구아파트
11,A15807311,신트리3단지
12,A15807706,목동12단지
13,A15807703,목동2차우성
14,A15876401,서울주택도시공사 목동현대B 임대아파트
15,A15886402,신정대성유니드아파트2차
16,A15807603,삼성쉐르빌1 아파트
17,A15807002,신트리1단지
18,A15886512,신정학마을1단지
19,A15886507,신정푸른마을3단지
20,A15886505,신정푸른마을4단지
21,A15807210,신정동아이파크
22,A15807605,목동13단지
23,A15870701,신정이펜하우스1단지(총세대 기준)
24,A15886508,신정푸른마을2단지
25,A15807707,신정양천
26,A15807211,목동현대아파트
27,A15807315,신정동일하이빌
28,A15886510,신정학마을2단지
29,A15885514,신정6차현대
30,A15879502,신정이펜하우스3단지
31,A15807313,신트리2단지
32,A15807702,목동2차삼성래미안
33,A15879501,신정푸른마을1단지임대
34,A15807705,목동11단지
35,A15807208,목동삼성래미안
36,A15807606,목동14단지
37,A15873701,목동10단지
38,A15886501,신정학마을3단지
39,A15807204,신정현대
40,A15807701,신정세양청마루
41,A15876402,신정삼성SH임대
42,A15885303,신정대림
43,A15884901,유원목동
44,A15807601,목동삼성쉐르빌2차
45,A15807202,신정명지해드는터
46,A15873902,양천중앙하이츠
47,A15807005,신정도시마을
48,A15809002,신정이펜하우스2단지
49,A15807306,신정e-편한세상
50,A10027375,목동힐스테이트
51,A10027396,신정숲속마을아파트
52,A10025649,신정이든채
53,A10025729,목동파크자이아파트
54,A10023593,신정동 보람쉬움아파트
55,A10023886,호반써밋목동아파트
56,A10024398,래미안 목동아델리체
57,A15805301,목동부영그린타운3차
58,A15805504,목동5단지
59,A15805404,"목동대원칸타빌2,3단지"
60,A15875102,목동2단지
61,A15805102,목동현대아이파크
62,A15805003,목동3단지
63,A15880204,목동우성
64,A15805203,목동건영
65,A15875101,목동1단지
66,A15805202,목동e-편한세상
67,A15805114,목동현대하이페리온
68,A15805115,목동7단지
69,A15882107,목동금호1차
70,A15882103,목동진도2차
71,A15870101,목동트라팰리스
72,A15805111,목동현대하이페리온2차
73,A15805403,목동금호어울림
74,A15805101,목동대원칸타빌
75,A15882008,목동현대1차
76,A15805503,목동4단지
77,A15881702,목동성원
78,A15805303,목동롯데캐슬위너
79,A15805302,목동2차성원아파트
80,A15882010,목동삼익
81,A15881701,목동금강에스쁘아
82,A15870102,목동현대A
83,A15875103,목동6단지
84,A15881601,목동극동늘푸른
85,A15805109,목동대림2차
86,A15882104,목동진도1차
87,A15805502,목동트윈빌
88,A15805501,목동부영그린타운2차
89,A15882006,목동현대2차
90,A15805105,목동성원
91,A15805002,목동한신청구
92,A10028007,동구햇살
93,A15880905,목동금호베스트빌
94,A10027849,목동센트럴푸르지오아파트
95,A10025345,목동현대파크빌
96,A10027303,목동효성아파트
97,A10025127,길성그랑프리텔아파트
98,A10025915,목동동구햇살아파트
99,A10026023,목동롯데캐슬 마에스트로
100,A10023948,어바니엘 염창
101,A10024823,목동금호타운아파트
102,A10024699,목동가든스위트아파트
103,A10024355,목동세종그랑시아 아파트
104,A15884703,신월시영아파트
105,A15883803,신월대림
106,A15883401,신정뉴타운두산위브
107,A15883201,양천벽산블루밍
108,A15809601,신월대주파크빌
109,A15883702,신월서울가든
110,A15809702,신월신안파크
111,A15809502,수명산롯데캐슬
112,A15809402,신월삼정그린뷰
113,A15809401,신월2차보람쉬움
114,A15883202,양천롯데캐슬
115,A15809403,신월대성유니드
116,A15882201,신월수명산SK-VIEW
117,A15809201,신도신월1차
118,A15809001,신월대방샤인힐
119,A15884202,신월신안약수
120,A15883402,신정뉴타운롯데캐슬
121,A15883101,신월성원
122,A15809701,신월길훈
123,A15809603,"벽산블루밍1단지,2단지"
124,A10025980,방원예뜨랑아파트
125,A15809003,신월2차미소지움
126,A10025157,신도브래뉴신월2차아파트
127,A10025120,수명산 동원데쟈뷰아파트
128,A10025665,삼익1차플라주아파트
129,A10024804,신월 해태아파트
130,A10024872,목동 센트럴 아이파크위브 아파트
131,A15878601,금하뜨라네
0,A15003001,영등포두산위브
1,A15003002,영등포푸르지오
2,A10026311,순영웰라이빌아파트
3,A10024490,여의도더리브스타일 
4,A10025518,현대프라자주상복합아파트
5,A15003701,영등포경남아너스빌
6,A10026816,아크로타워스퀘어
7,A10026801,브라운스톤 영등포
8,A10024567,포레나영등포센트럴아파트
9,A15003801,영등포삼환
10,A15003802,당산푸르지오
11,A15089513,여의도진주
12,A15089307,여의대우트럼프월드2차
13,A15076302,여의도자이
14,A15089421,여의도시범아파트
15,A15001020,여의도삼부
16,A15088717,여의도미성
17,A15001004,여의도장미
18,A15001016,여의도대교
19,A15001009,여의도수정
20,A15089510,여의도은하
21,A15089411,여의도삼익
22,A15088614,롯데캐슬엠파이어
23,A15001005,여의도금호리첸시아
24,A15001003,서울아파트관리사무소
25,A15088208,여의도목화
26,A15088918,여의도한양
27,A15076301,여의도대우트럼프월드
28,A15001012,여의도공작
29,A15001019,여의도광장
30,A15001001,여의도초원
31,A15088915,롯데캐슬아이비
32,A15088802,여의도화랑
33,A10024981,콤비아파트
34,A15080002,당산진로
35,A15004101,당산신동아파밀리에
36,A15075001,당산코오롱
37,A15004201,당산동대우
38,A15004202,당산2가현대
39,A10023489,포레나 당산
40,A15080402,당산삼익
41,A15072001,당산쌍용예가클래식
42,A15080204,당산한양
43,A15080205,당산동부센트레빌
44,A15072002,당산SHVILLE
45,A10024834,당산금호2차어울림아파트
46,A15004406,당산현대3차
47,A15080507,당산현대5차
48,A15004403,당산금호어울림
49,A15004405,당산2차삼성
50,A15080501,한강아파트
51,A15072201,당산반도유보라
52,A10027684,당산브라운스톤아파트
53,A10026797,당산롯데캐슬프레스티지 아파트
54,A15004507,당산삼성래미안
55,A15004503,당산2차효성타운
56,A15004502,당산디오빌
57,A15004506,당산효성1차
58,A15004505,당산유원제일2차
59,A15004501,당산성원아파트
60,A10024789,당산센트럴아이파크
61,A15081001,래미안당산1차아파트
62,A15081002,당산강변래미안3차
63,A15083202,도림동아에코빌
64,A15083201,도림청구
65,A15076702,영등포아트자이
66,A15076701,도림한라
67,A15009201,문래남성
68,A15083602,문래공원한신
69,A15083404,문래자이아파트
70,A15083603,문래힐스테이트
71,A15076801,금호어울림
72,A10027023,문래우정아파트
73,A15083601,문래국화
74,A10024832,문래해태아파트
75,A15009402,문래삼환
76,A15009401,리버뷰신안인스빌
77,A15009505,문래두산위브
78,A15009503,문래대림
79,A15009501,문래진주
80,A15009504,문래현대5차아파트
81,A15009502,문래현대3차
82,A10026197,문래동모아미래도아파트
83,A15009607,문래현대2차
84,A15009606,문래베어스타운
85,A15009602,문래한신
86,A15009605,문래현대6차아파트
87,A15009604,문래현대1차
88,A15009603,문래대원
89,A15009601,문래미원아파트
90,A10027512,문래유원아파트
91,A10024925,문래롯데캐슬아파트
92,A10024495,e편한세상 문래 에듀플라츠
93,A15086202,양평신동아아파트
94,A15086201,양평서통한신
95,A10024316,영등포 중흥S-클래스
96,A15010203,양평벽산
97,A15010202,양평삼성래미안
98,A15010201,양평상록수
99,A10025034,오목교벽산블루밍아파트
100,A15010303,양평동삼천리아파트
101,A15010305,양평현대2차
102,A15010302,양평경남1차
103,A15010307,양평동6차현대아파트
104,A15010304,양평삼호
105,A15010306,양평거성파스텔
106,A15010301,양평우림루미아트
107,A10026457,양평역미소지움아파트
108,A15086601,양평경남2차아너스빌
109,A15086702,삼호한숲
110,A15086603,양평성원
111,A15010501,양평동보아파트
112,A15010502,양평한신
113,A15010602,양평동양
114,A15010601,양평한솔
115,A15005401,신길삼성제2
116,A15005301,신길우성5차
117,A15005402,신길삼성래미안
118,A15005001,신길우성4차아파트 
119,A15085404,신길한성
120,A15005002,레전드힐스
121,A15086007,신길우성2차
122,A15005102,신기목련
123,A15083703,신길경남
124,A15005302,신길건영
125,A15086001,보라매두산위브
126,A15096001,신길자이
127,A15085805,신길남서울
128,A15005705,신길삼환
129,A15083701,신길삼두
130,A15005602,신길우창
131,A15005501,포레나 신길
132,A15005303,신길1차우성아파트
133,A15086006,보라매경남아너스빌
134,A15005603,신길삼성
135,A15086004,신길우성3차아파트
136,A10027755,래미안프레비뉴
137,A10027073,래미안에스티움
138,A10026182,신미아파트
139,A10025024,신길센트럴자이
140,A10025562,신길센트럴아이파크
141,A10025070,보라매 sk뷰
142,A10024470,신길파크자이
143,A10024615,힐스테이트클래시안아파트
144,A10023715,더샵파크프레스티지
145,A15081503,대림우성
146,A15081107,대림현대3차
147,A15007201,신대림자이
148,A15081201,대림성원
149,A15007002,신대림한솔솔파크
150,A15081802,대림한신2차
151,A15081602,대림현대2차
152,A15007101,대림갑을명가
153,A15081604,대림3동현대아파트
154,A15081105,대림코오롱
155,A15095002,신대림신동아파밀리에
156,A15081606,대림신동아
157,A15095001,대림동현대
158,A10027935,대림쌍용플래티넘S
159,A10027381,보라매 신동아파밀리에아파트
160,A10025122,지밸리소홈
161,A10026761,H하우스 대림 뉴스테이
162,A10024725,e편한세상 영등포 아델포레
163,A10024829,대림 우성2차
164,A10023516,영등포자이르네
0,A14019001,후암미주
1,A14070901,동부센트레빌아스테리움서울
2,A14070301,리첸시아용산
3,A14070302,용산더프라임
4,A10023798,용산원효루미니
5,A14006001,신창세방리버하이빌
6,A14004001,한강타운
7,A14004002,리버힐삼성아파트
8,A14076401,산천리버힐제2
9,A14005001,청암자이
10,A10023464,sk청암대아파트
11,A14085002,원효산호
12,A14085101,원효로강변삼성스위트
13,A14074101,효창파크푸르지오
14,A14074102,효창한신
15,A10025533,용산롯데캐슬센터포레아파트
16,A10023858,용산데시앙포레아파트
17,A10025898,용산kcc스위첸
18,A14007002,도원삼성래미안
19,A14007001,도원삼성제2
20,A14083101,브라운스톤용산
21,A14010003,용산CJ나인파크
22,A14010002,이안용산프리미어
23,A14010004,용산대우이안
24,A14010001,용산아크로타워
25,A10027901,용산 KCC 웰츠타워
26,A10026183,용산지오베르크
27,A14009001,용산e-편한세상
28,A14075201,용산파크자이
29,A14001101,대우월드마크용산
30,A14001201,한강로벽산메가트리움
31,A10026759,용산푸르지오써밋
32,A10026719,아스테리움용산
33,A10026922,래미안용산아파트
34,A10024333,용산 베르디움 프렌즈
35,A14002501,파크타워
36,A14088201,시티파크2단지
37,A14088302,한강트럼프월드3차
38,A14001303,용산시티파크1단지
39,A10025626,한강로쌍용스윗닷홈아파트
40,A14074501,한강로우림필유
41,A10024691,용산센트럴파크
42,A14072701,한가람아파트
43,A14003002,이촌왕궁
44,A14003003,한강삼익
45,A14003103,이촌현대
46,A14003104,이촌동삼성리버스위트
47,A14003006,이촌동아그린아파트
48,A14003008,이촌한강맨션
49,A14003004,이촌동부센트레빌
50,A14085501,현대한강
51,A14090902,이촌대림
52,A14003007,LG한강자이
53,A14003101,이촌반도
54,A14003001,동부이촌동우성
55,A14003105,한강대우
56,A14003106,이촌강촌아파트
57,A14072901,북한강성원아파트
58,A14077401,점보
59,A10027908,래미안첼리투스
60,A14072702,이촌
61,A10023360,빌라맨션아파트
62,A14086001,청화아파트
63,A14086101,이태원남산대림
64,A10027425,이태원주공아파트
65,A14077902,한남더힐
66,A14021001,한남동리첸시아
67,A14077901,한남힐스테이트
68,A10027071,한남아이파크
69,A54016001,남산맨션
70,A10024641,한남동현대하이페리온A
71,A10025192,나인원 한남
72,A10023379,한남리버탑아파트
73,A14080901,용산푸르지오파크타운
74,A14024001,서빙고금호베스트빌
75,A14024002,서빙고신동아
76,A14082601,신동아아파트
77,A14082302,보광삼성리버빌
