,kaptCode,Date,electC,electComb
0,A14019001,202201.0,3385.575221238938,27233.141592920354
0,A14019001,202202.0,3163.451327433628,25310.088495575223
0,A14019001,202203.0,591.4159292035398,18390.442477876106
0,A14019001,202204.0,865.5309734513274,20751.681415929204
0,A14019001,202205.0,694.5132743362832,18559.911504424777
0,A14019001,202206.0,585.2212389380531,19449.734513274336
0,A14019001,202207.0,419.7345132743363,30009.33628318584
0,A14019001,202208.0,847.8761061946902,33298.58407079646
0,A14019001,202209.0,1753.716814159292,26125.66371681416
0,A14019001,202210.0,763.6725663716815,21622.433628318584
0,A14019001,202211.0,1051.1061946902655,23724.203539823007
0,A14019001,202212.0,3094.026548672566,27357.34513274336
1,A14070302,202201.0,46042.5939177102,112294.59749552773
1,A14070302,202202.0,45947.441860465115,112221.16279069768
1,A14070302,202203.0,36755.38461538462,92759.28443649373
1,A14070302,202204.0,36627.71019677996,97791.27012522361
1,A14070302,202205.0,34402.772808586764,91813.1663685152
1,A14070302,202206.0,38334.060822898035,107480.26833631485
1,A14070302,202207.0,37168.604651162794,176718.13953488372
1,A14070302,202208.0,17608.08586762075,223229.8747763864
1,A14070302,202209.0,35879.62432915921,144649.19499105547
1,A14070302,202210.0,35457.99642218247,107288.46153846153
1,A14070302,202211.0,34614.59749552773,98623.8282647585
1,A14070302,202212.0,38053.810375670844,102875.24150268336
3,A14006001,202201.0,10387.210227272728,59781.52840909091
3,A14006001,202202.0,13111.53409090909,57271.306818181816
3,A14006001,202203.0,4745.681818181818,55423.295454545456
3,A14006001,202204.0,4864.363636363636,52656.75
3,A14006001,202205.0,8297.068181818182,48507.693181818184
3,A14006001,202206.0,4037.556818181818,48397.84090909091
3,A14006001,202207.0,6838.676136363636,54959.8125
3,A14006001,202208.0,12970.823863636364,81194.23295454546
3,A14006001,202209.0,3447.9602272727275,82409.32386363637
3,A14006001,202210.0,3322.9602272727275,53013.30113636364
3,A14006001,202211.0,8489.52840909091,55531.857954545456
3,A14006001,202212.0,9259.238636363636,55347.47727272727
4,A14004001,202201.0,4395.778546712802,37252.560553633215
4,A14004001,202202.0,3348.0207612456747,36795.21799307958
4,A14004001,202203.0,2900.9480968858134,29758.352941176472
4,A14004001,202204.0,3796.6470588235293,33016.82006920415
4,A14004001,202205.0,3421.280276816609,30287.370242214532
4,A14004001,202206.0,3627.81660899654,34266.01730103806
4,A14004001,202207.0,-268.0311418685121,44509.99653979239
4,A14004001,202208.0,-1477.107266435986,48946.28373702422
4,A14004001,202209.0,2908.989619377163,36965.044982698964
4,A14004001,202210.0,4132.595155709342,34552.31833910035
4,A14004001,202211.0,4334.36678200692,36926.99653979239
4,A14004001,202212.0,5032.557093425606,40770.41176470588
5,A14004002,202201.0,10589.952813067152,49896.18693284936
5,A14004002,202202.0,10507.315789473685,48823.30490018149
5,A14004002,202203.0,8599.055353901997,39886.96823956443
5,A14004002,202204.0,9163.735934664246,43653.00998185118
5,A14004002,202205.0,8480.275862068966,39418.3611615245
5,A14004002,202206.0,8752.509074410164,43676.556261343016
5,A14004002,202207.0,8327.298548094373,59880.82849364791
5,A14004002,202208.0,12970.766787658802,73197.40925589837
5,A14004002,202209.0,8372.790381125227,46239.8502722323
5,A14004002,202210.0,9257.251361161525,44444.32032667877
5,A14004002,202211.0,10182.125226860255,48362.27041742287
5,A14004002,202212.0,11624.463702359346,52338.293103448275
6,A14076401,202201.0,5381.900826446281,24754.35261707989
6,A14076401,202202.0,1380.1928374655647,20020.661157024795
6,A14076401,202203.0,4580.964187327823,21262.83746556474
6,A14076401,202204.0,2384.65564738292,18270.440771349862
6,A14076401,202205.0,960.4132231404959,17367.438016528926
6,A14076401,202206.0,1752.534435261708,15454.26997245179
6,A14076401,202207.0,3782.5068870523414,20799.283746556473
6,A14076401,202208.0,720.8539944903581,22338.45730027548
6,A14076401,202209.0,-933.9669421487604,19470.275482093664
6,A14076401,202210.0,4839.173553719008,21344.132231404958
6,A14076401,202211.0,4794.35261707989,21955.289256198346
6,A14076401,202212.0,7886.749311294766,29495.206611570247
7,A14005001,202201.0,46381.94117647059,162891.88235294117
7,A14005001,202202.0,46112.17647058824,157874.58823529413
7,A14005001,202203.0,31879.41176470588,123877.41176470589
7,A14005001,202204.0,31679.941176470587,135666.9411764706
7,A14005001,202205.0,30460.235294117647,130136.70588235294
7,A14005001,202206.0,39080.117647058825,158165.64705882352
7,A14005001,202207.0,41543.0,258313.0588235294
7,A14005001,202208.0,45361.82352941176,331019.5882352941
7,A14005001,202209.0,35349.05882352941,170012.35294117648
7,A14005001,202210.0,32299.70588235294,143107.88235294117
7,A14005001,202211.0,44682.58823529412,155302.70588235295
7,A14005001,202212.0,56450.76470588235,168187.58823529413
9,A14085002,202201.0,16722.653429602888,58728.592057761736
9,A14085002,202202.0,14428.26714801444,51720.07220216606
9,A14085002,202203.0,10812.707581227436,43425.902527075814
9,A14085002,202204.0,9198.158844765343,42086.08303249098
9,A14085002,202205.0,5385.992779783393,35392.129963898915
9,A14085002,202206.0,6315.306859205776,36070.7761732852
9,A14085002,202207.0,6445.28880866426,50469.38628158845
9,A14085002,202208.0,7958.6642599277975,67089.1155234657
9,A14085002,202209.0,2404.1516245487364,45216.48014440433
9,A14085002,202210.0,5804.657039711191,39539.584837545124
9,A14085002,202211.0,9311.462093862816,43761.11913357401
9,A14085002,202212.0,7898.050541516245,44625.1083032491
10,A14085101,202201.0,5610.8,44717.2
10,A14085101,202202.0,6095.966666666666,43649.46666666667
10,A14085101,202203.0,6422.266666666666,37101.96666666667
10,A14085101,202204.0,6500.666666666667,38874.76666666667
10,A14085101,202205.0,6696.233333333334,35822.86666666667
10,A14085101,202206.0,6494.266666666666,39303.566666666666
10,A14085101,202207.0,2692.9666666666667,51849.1
10,A14085101,202208.0,415.03333333333336,58047.86666666667
10,A14085101,202209.0,4449.1,47388.166666666664
10,A14085101,202210.0,7849.466666666666,43880.13333333333
10,A14085101,202211.0,8288.866666666667,44293.76666666667
10,A14085101,202212.0,8331.733333333334,46161.73333333333
11,A14074101,202201.0,78451.14006514658,78451.14006514658
11,A14074101,202202.0,25656.84039087948,77608.24104234528
11,A14074101,202203.0,21312.73615635179,64326.87296416938
11,A14074101,202204.0,22290.228013029315,69185.14657980455
11,A14074101,202205.0,14577.71986970684,56128.631921824104
11,A14074101,202206.0,20293.192182410425,64633.68078175896
11,A14074101,202207.0,27535.86319218241,89922.21498371336
11,A14074101,202208.0,23611.791530944625,113940.84690553746
11,A14074101,202209.0,25866.123778501627,86773.48534201954
11,A14074101,202210.0,23828.01302931596,72151.20521172638
11,A14074101,202211.0,24408.045602605864,71993.81107491857
11,A14074101,202212.0,24462.99674267101,73636.90553745929
12,A10025533,202201.0,21383.94351464435,66387.70920502092
12,A10025533,202202.0,17191.064853556487,65804.4330543933
12,A10025533,202203.0,8310.717573221757,48092.705020920504
12,A10025533,202204.0,5637.569037656904,49014.97489539749
12,A10025533,202205.0,5880.970711297071,45111.55648535565
12,A10025533,202206.0,5581.278242677824,49859.29079497908
12,A10025533,202207.0,7700.481171548117,85866.67364016737
12,A10025533,202208.0,8425.76150627615,100795.25941422595
12,A10025533,202209.0,8408.428870292886,66294.47489539749
12,A10025533,202210.0,7841.661087866109,51802.26778242678
12,A10025533,202211.0,7816.742677824268,54839.88075313807
12,A10025533,202212.0,11473.179916317991,60317.426778242676
14,A10025898,202201.0,39070.502512562816,88695.07537688442
14,A10025898,202202.0,45023.065326633165,93826.83417085427
14,A10025898,202203.0,34116.23115577889,75721.95979899497
14,A10025898,202204.0,24271.155778894474,71094.57286432161
14,A10025898,202205.0,11637.386934673366,52876.53266331658
14,A10025898,202206.0,11019.944723618091,57707.53266331658
14,A10025898,202207.0,23098.46231155779,102677.1055276382
14,A10025898,202208.0,23442.105527638192,121669.39195979899
14,A10025898,202209.0,22454.979899497488,89079.75376884422
14,A10025898,202210.0,19503.40703517588,72033.55778894473
14,A10025898,202211.0,13972.356783919598,64108.738693467334
14,A10025898,202212.0,22459.391959798995,72798.68844221106
15,A14007002,202201.0,13275.72290809328,48809.96844993141
15,A14007002,202202.0,11421.486968449932,42496.98765432099
15,A14007002,202203.0,10617.002743484225,44620.18518518518
15,A14007002,202204.0,8792.595336076818,41239.44718792867
15,A14007002,202205.0,7380.063786008231,41393.945816186555
15,A14007002,202206.0,9832.080932784636,44978.76817558299
15,A14007002,202207.0,19577.42935528121,68789.57613168724
15,A14007002,202208.0,8197.70987654321,57853.978737997255
15,A14007002,202209.0,8605.56035665295,44404.16803840878
15,A14007002,202210.0,14748.347050754459,47188.477366255145
15,A14007002,202211.0,5085.395747599451,47425.00480109739
15,A14007002,202212.0,12895.776406035666,55318.79423868313
16,A14007001,202201.0,4632.209737827716,21418.464419475655
16,A14007001,202202.0,-482.67790262172286,17056.029962546818
16,A14007001,202203.0,4600.6741573033705,19182.752808988764
16,A14007001,202204.0,1241.9288389513108,17073.12734082397
16,A14007001,202205.0,2312.50936329588,17310.524344569287
16,A14007001,202206.0,1283.4831460674156,16687.078651685395
16,A14007001,202207.0,6776.086142322098,22476.87265917603
16,A14007001,202208.0,1109.5505617977528,22685.786516853932
16,A14007001,202209.0,-2094.9812734082398,20164.681647940073
16,A14007001,202210.0,3719.0262172284642,21139.41947565543
16,A14007001,202211.0,3748.9700374531835,21302.415730337078
16,A14007001,202212.0,5273.70786516854,26190.187265917604
17,A14083101,202201.0,18002.810256410256,72431.32307692307
17,A14083101,202202.0,18594.220512820513,72092.78461538462
17,A14083101,202203.0,14923.148717948718,59248.32820512821
17,A14083101,202204.0,14369.692307692309,62149.07692307692
17,A14083101,202205.0,14223.08717948718,56981.34358974359
17,A14083101,202206.0,16430.4358974359,63127.666666666664
17,A14083101,202207.0,19708.82564102564,91911.03076923077
17,A14083101,202208.0,20198.6358974359,108831.81538461539
17,A14083101,202209.0,22584.615384615383,84092.15384615384
17,A14083101,202210.0,8853.815384615385,58667.40512820513
17,A14083101,202211.0,17251.85641025641,67502.88205128205
17,A14083101,202212.0,20767.133333333335,71939.28717948718
18,A14009001,202201.0,8914.475201845444,62624.648212226064
18,A14009001,202202.0,8848.904267589389,61939.169550173014
18,A14009001,202203.0,8689.734717416379,53648.938869665515
18,A14009001,202204.0,8877.104959630911,58845.66320645905
18,A14009001,202205.0,25433.429065743945,71444.49019607843
18,A14009001,202206.0,26953.349480968856,77396.83275663207
18,A14009001,202207.0,35348.85928489043,115207.20991926182
18,A14009001,202208.0,29515.384083044984,127803.49250288351
18,A14009001,202209.0,33342.4429065744,100027.67935409458
18,A14009001,202210.0,37404.154555940026,91081.99769319492
18,A14009001,202211.0,25598.374855824684,78239.75893886967
18,A14009001,202212.0,21903.26643598616,73275.723183391
19,A10024333,202201.0,8950.84438305709,27624.74861878453
19,A10024333,202202.0,14622.843462246778,31613.165745856353
19,A10024333,202203.0,9609.419889502762,9609.419889502762
19,A10024333,202204.0,9756.960405156538,26276.905156537752
19,A10024333,202205.0,17364.116022099446,34728.23204419889
19,A10024333,202206.0,30188.729281767955,51530.37753222836
19,A10024333,202207.0,33876.758747697975,67753.51749539595
19,A10024333,202208.0,37089.20810313075,74178.4162062615
19,A10024333,202209.0,25846.47329650092,51692.94659300184
19,A10024333,202210.0,22266.261510128912,44532.523020257824
19,A10024333,202211.0,21478.01104972376,42956.02209944752
19,A10024333,202212.0,22288.489871086556,44576.97974217311
22,A10024691,202201.0,52338.730701754386,115731.21315789473
22,A10024691,202202.0,47405.23596491228,95679.22719298245
22,A10024691,202203.0,30633.865789473683,88480.99736842106
22,A10024691,202204.0,27781.265789473684,81002.45877192983
22,A10024691,202205.0,27433.65,84695.1149122807
22,A10024691,202206.0,41468.50614035088,115717.14649122806
22,A10024691,202207.0,52619.018421052635,183953.73771929825
22,A10024691,202208.0,54030.99385964912,175058.5640350877
22,A10024691,202209.0,34883.87543859649,101933.29649122807
22,A10024691,202210.0,36054.86929824561,98028.87807017544
22,A10024691,202211.0,45969.012280701754,104464.28421052631
22,A10024691,202212.0,61921.4149122807,126140.99385964913
23,A14072701,202201.0,9024.268172888016,47450.95776031434
23,A14072701,202202.0,9306.38506876228,46767.77013752456
23,A14072701,202203.0,7943.1188605108055,40097.323182711196
23,A14072701,202204.0,9654.317288801572,46387.77996070727
23,A14072701,202205.0,9330.98231827112,42920.11296660118
23,A14072701,202206.0,7585.800589390963,46790.44695481336
23,A14072701,202207.0,6714.896856581532,71551.83202357564
23,A14072701,202208.0,5241.768172888016,83114.7003929273
23,A14072701,202209.0,6087.224950884087,48400.03929273084
23,A14072701,202210.0,9591.277013752457,47452.573673870334
23,A14072701,202211.0,11498.565815324166,50861.2278978389
23,A14072701,202212.0,12138.80648330059,51137.966601178785
24,A14003002,202201.0,67265.44,67265.44
24,A14003002,202202.0,59856.32,59856.32
24,A14003002,202203.0,40424.56,40424.56
24,A14003002,202204.0,40541.96,40541.96
24,A14003002,202205.0,36765.52,36765.52
24,A14003002,202206.0,41235.72,41235.72
24,A14003002,202207.0,62361.632,62361.632
24,A14003002,202208.0,80303.84,80303.84
24,A14003002,202209.0,43573.36,43573.36
24,A14003002,202210.0,41106.48,41106.48
24,A14003002,202211.0,47976.4,47976.4
24,A14003002,202212.0,70152.72,70152.72
25,A14003003,202201.0,41948.84920634921,87427.77777777778
25,A14003003,202202.0,38328.13492063492,80779.3253968254
25,A14003003,202203.0,20993.174603174604,54501.19047619047
25,A14003003,202204.0,15693.214285714286,52436.74603174603
25,A14003003,202205.0,11975.952380952382,44657.26190476191
25,A14003003,202206.0,12041.507936507936,49474.40476190476
25,A14003003,202207.0,15871.547619047618,77155.43650793651
25,A14003003,202208.0,15657.261904761905,89412.06349206349
25,A14003003,202209.0,13032.460317460318,53767.65873015873
25,A14003003,202210.0,13686.904761904761,50178.21428571428
25,A14003003,202211.0,16955.210317460318,58020.369047619046
25,A14003003,202212.0,33952.519841269845,88621.88492063493
27,A14003104,202201.0,42768.75,101042.47950819672
27,A14003104,202202.0,22148.655737704918,85757.75409836066
27,A14003104,202203.0,28483.55737704918,96754.90983606558
27,A14003104,202204.0,26556.639344262294,90951.22950819672
27,A14003104,202205.0,32663.168032786885,94540.91393442624
27,A14003104,202206.0,19105.47131147541,106247.60245901639
27,A14003104,202207.0,19269.90163934426,170731.74590163934
27,A14003104,202208.0,20259.946721311477,159524.94672131148
27,A14003104,202209.0,30121.27868852459,105548.12295081967
27,A14003104,202210.0,29280.147540983606,101892.64754098361
27,A14003104,202211.0,33660.475409836065,99108.34426229508
27,A14003104,202212.0,35001.41393442623,111534.11885245901
28,A14003006,202201.0,22152.480961923848,62036.208416833666
28,A14003006,202202.0,21700.260521042084,61944.609218436875
28,A14003006,202203.0,17311.635270541083,49932.517034068136
28,A14003006,202204.0,16202.01002004008,50476.97995991984
28,A14003006,202205.0,15382.627254509018,49352.44689378757
28,A14003006,202206.0,17960.132264529057,54127.52705410821
28,A14003006,202207.0,20255.73146292585,72895.75150300602
28,A14003006,202208.0,21107.687374749497,83913.01803607214
28,A14003006,202209.0,18835.29258517034,64227.21643286573
28,A14003006,202210.0,16612.507014028055,57946.87575150301
28,A14003006,202211.0,22832.84769539078,57936.374749498995
28,A14003006,202212.0,21407.955911823647,63266.13226452906
29,A14003008,202201.0,42986.74393939394,85157.2893939394
29,A14003008,202202.0,52664.38787878788,104447.94848484849
29,A14003008,202203.0,46813.78787878788,92793.68181818182
29,A14003008,202204.0,37349.76212121212,74100.56515151515
29,A14003008,202205.0,41114.78484848485,81590.37575757576
29,A14003008,202206.0,37516.65,74414.78636363636
29,A14003008,202207.0,28077.804545454546,69963.72878787879
29,A14003008,202208.0,77355.54696969697,153263.66818181818
29,A14003008,202209.0,96279.64393939394,191091.6590909091
29,A14003008,202210.0,49554.51666666667,98271.4106060606
29,A14003008,202211.0,42430.44090909091,84225.06212121212
29,A14003008,202212.0,30767.331818181818,74226.81666666667
30,A14003004,202201.0,29253.660194174758,77338.12621359223
30,A14003004,202202.0,25621.77346278317,67740.02588996764
30,A14003004,202203.0,19513.88996763754,69112.7572815534
30,A14003004,202204.0,21389.637540453074,63115.88349514563
30,A14003004,202205.0,19640.944983818772,66073.17799352751
30,A14003004,202206.0,23973.66343042071,81881.07443365696
30,A14003004,202207.0,30615.35922330097,131192.38187702265
30,A14003004,202208.0,15363.129449838189,130515.84789644013
30,A14003004,202209.0,16776.258899676377,75538.6213592233
30,A14003004,202210.0,23876.796116504855,72881.61812297735
30,A14003004,202211.0,29933.796116504855,79162.33980582525
30,A14003004,202212.0,34410.53074433657,86406.32362459548
31,A14085501,202201.0,20281.5503875969,50255.0
31,A14085501,202202.0,20776.802325581397,50715.58139534884
31,A14085501,202203.0,17328.158914728683,43158.58527131783
31,A14085501,202204.0,16750.523255813954,46454.88372093023
31,A14085501,202205.0,15833.91472868217,42780.01937984496
31,A14085501,202206.0,13554.321705426357,43215.36821705427
31,A14085501,202207.0,9305.15503875969,53484.59302325582
31,A14085501,202208.0,13660.562015503876,65845.62015503876
31,A14085501,202209.0,7919.612403100775,48308.00387596899
31,A14085501,202210.0,14213.972868217053,46482.71317829457
31,A14085501,202211.0,18442.03488372093,50787.30620155039
31,A14085501,202212.0,20578.856589147286,52708.48837209302
32,A14090902,202201.0,1892.0971786833857,40576.25078369906
32,A14090902,202202.0,1839.2758620689656,39924.87147335423
32,A14090902,202203.0,1648.0,32370.03761755486
32,A14090902,202204.0,1787.6457680250783,37119.90282131662
32,A14090902,202205.0,1832.6614420062697,36440.42006269593
32,A14090902,202206.0,1919.4670846394984,37562.64890282132
32,A14090902,202207.0,2081.8495297805644,57392.11598746081
32,A14090902,202208.0,2145.7084639498435,73807.40125391849
32,A14090902,202209.0,1999.3824451410658,50095.77742946708
32,A14090902,202210.0,1895.937304075235,39950.23197492163
32,A14090902,202211.0,2128.9811912225705,39814.42006269593
32,A14090902,202212.0,2224.310344827586,40390.0
33,A14003007,202201.0,27923.272865853658,117130.54420731707
33,A14003007,202202.0,38544.634146341465,129572.98780487805
33,A14003007,202203.0,21081.376524390245,98189.22713414633
33,A14003007,202204.0,20747.032012195123,110398.83079268293
33,A14003007,202205.0,16927.032012195123,104437.6875
33,A14003007,202206.0,20175.475609756097,132104.82012195123
33,A14003007,202207.0,27028.64024390244,211198.625
33,A14003007,202208.0,22038.219512195123,264768.89024390245
33,A14003007,202209.0,12944.213414634147,132890.53963414635
33,A14003007,202210.0,17046.821646341465,105821.68445121951
33,A14003007,202211.0,20332.493902439026,113510.74085365854
33,A14003007,202212.0,25890.897865853658,120689.83079268293
34,A14003101,202201.0,32864.21875,106146.66666666667
34,A14003101,202202.0,32276.614583333332,101891.09375
34,A14003101,202203.0,21798.4375,77109.53125
34,A14003101,202204.0,16025.15625,77723.07291666667
34,A14003101,202205.0,11213.385416666666,67103.4375
34,A14003101,202206.0,11719.895833333334,83116.40625
34,A14003101,202207.0,11662.1875,140334.58333333334
34,A14003101,202208.0,13037.864583333334,167194.375
34,A14003101,202209.0,9918.229166666666,87363.22916666667
34,A14003101,202210.0,14089.53125,75490.57291666667
34,A14003101,202211.0,22250.989583333332,87143.75
34,A14003101,202212.0,32528.229166666668,104930.83333333333
35,A14003001,202201.0,24863.539094650205,57611.44032921811
35,A14003001,202202.0,24188.600823045268,56917.57201646091
35,A14003001,202203.0,14963.045267489711,43590.28806584362
35,A14003001,202204.0,14115.9670781893,46713.168724279836
35,A14003001,202205.0,12383.004115226337,43358.88888888889
35,A14003001,202206.0,14695.390946502057,52797.366255144036
35,A14003001,202207.0,16814.197530864196,75504.03292181069
35,A14003001,202208.0,17353.086419753086,85325.30864197531
35,A14003001,202209.0,13368.230452674898,54335.84362139917
35,A14003001,202210.0,14419.835390946502,48552.22222222222
35,A14003001,202211.0,21175.720164609054,55750.65843621399
35,A14003001,202212.0,24981.19341563786,59857.654320987655
36,A14003105,202201.0,21270.863309352517,67060.14388489208
36,A14003105,202202.0,19410.671462829738,63038.35731414868
36,A14003105,202203.0,12715.25179856115,49591.18705035971
36,A14003105,202204.0,14239.040767386092,55291.402877697845
36,A14003105,202205.0,13832.398081534771,51153.83693045563
36,A14003105,202206.0,12271.019184652278,54153.18944844125
36,A14003105,202207.0,13629.592326139089,85612.08633093526
36,A14003105,202208.0,8556.414868105516,94136.27098321343
36,A14003105,202209.0,9782.937649880096,56717.97362110312
36,A14003105,202210.0,16221.366906474821,56883.32134292566
36,A14003105,202211.0,16533.84892086331,60977.68585131894
36,A14003105,202212.0,18017.853717026377,63275.287769784176
37,A14003106,202201.0,5130.655344655344,49923.15284715284
37,A14003106,202202.0,6675.882117882118,49012.57542457542
37,A14003106,202203.0,6862.87012987013,41289.943056943055
37,A14003106,202204.0,7574.718281718282,46144.74825174825
37,A14003106,202205.0,5574.082917082917,42269.66733266733
37,A14003106,202206.0,4250.463536463537,46424.97902097902
37,A14003106,202207.0,3256.295704295704,71500.62137862138
37,A14003106,202208.0,-760.6413586413587,84651.86013986015
37,A14003106,202209.0,2421.344655344655,48243.48551448552
37,A14003106,202210.0,6404.050949050949,47275.90909090909
37,A14003106,202211.0,9809.104895104894,51449.954045954044
37,A14003106,202212.0,9526.749250749252,53414.26173826174
38,A14072901,202201.0,50530.35294117647,81243.08823529411
38,A14072901,202202.0,50880.08823529412,83036.88235294117
38,A14072901,202203.0,42139.91176470588,68760.85294117648
38,A14072901,202204.0,42030.08823529412,69771.08823529411
38,A14072901,202205.0,38798.82352941176,63888.44117647059
38,A14072901,202206.0,42519.205882352944,71253.94117647059
38,A14072901,202207.0,55848.382352941175,98151.91176470589
38,A14072901,202208.0,63401.794117647056,113551.58823529411
38,A14072901,202209.0,48524.5,85743.76470588235
38,A14072901,202210.0,43045.85294117647,74384.38235294117
38,A14072901,202211.0,49162.5,80347.26470588235
38,A14072901,202212.0,53552.382352941175,85690.91176470589
40,A10027908,202201.0,61040.79347826087,164868.22826086957
40,A10027908,202202.0,55259.49347826087,156156.42826086958
40,A10027908,202203.0,31974.752173913042,113849.88260869565
40,A10027908,202204.0,32378.58043478261,123653.73260869565
40,A10027908,202205.0,30172.18913043478,120897.16739130435
40,A10027908,202206.0,43134.98695652174,161198.13913043478
40,A10027908,202207.0,64800.85,272478.50217391306
40,A10027908,202208.0,72445.17173913044,340357.4543478261
40,A10027908,202209.0,47556.03695652174,180052.90652173912
40,A10027908,202210.0,37186.139130434785,136908.85652173913
40,A10027908,202211.0,45405.4,142546.05217391305
40,A10027908,202212.0,59141.315217391304,161361.9239130435
41,A14072702,202201.0,11772.007194244605,50781.707434052754
41,A14072702,202202.0,12428.866906474821,50213.92685851319
41,A14072702,202203.0,7758.443645083933,39818.671462829734
41,A14072702,202204.0,5482.77098321343,41263.50239808153
41,A14072702,202205.0,3758.6846522781775,37150.65107913669
41,A14072702,202206.0,3114.827338129496,41081.21822541967
41,A14072702,202207.0,-3991.6846522781775,58885.965227817745
41,A14072702,202208.0,-3725.3021582733813,72745.70503597123
41,A14072702,202209.0,1489.074340527578,42801.23261390888
41,A14072702,202210.0,5673.044364508393,42648.73980815348
41,A14072702,202211.0,7650.117505995204,47018.318944844126
41,A14072702,202212.0,13015.707434052758,53082.410071942446
43,A14086001,202201.0,36295.1955017301,81119.76297577855
43,A14086001,202202.0,26547.354671280278,65940.5553633218
43,A14086001,202203.0,25651.505190311418,64034.04844290658
43,A14086001,202204.0,21118.235294117647,56949.96539792387
43,A14086001,202205.0,19219.916955017303,54842.9446366782
43,A14086001,202206.0,9461.723183391003,49819.94117647059
43,A14086001,202207.0,4922.809688581315,72389.62629757785
43,A14086001,202208.0,7508.262975778547,72686.20415224913
43,A14086001,202209.0,16218.913494809689,56718.98269896194
43,A14086001,202210.0,28349.72491349481,67732.6141868512
43,A14086001,202211.0,24951.70588235294,65402.41522491349
43,A14086001,202212.0,34321.24740484429,83935.5553633218
44,A14086101,202201.0,19521.935,75145.135
44,A14086101,202202.0,19206.9025,71840.1525
44,A14086101,202203.0,14987.415,54167.19
44,A14086101,202204.0,11678.51,50461.16
44,A14086101,202205.0,9775.9375,43992.7875
44,A14086101,202206.0,9558.535,47019.035
44,A14086101,202207.0,12373.805,70946.78
44,A14086101,202208.0,12549.075,84473.4
44,A14086101,202209.0,9909.3125,61893.9875
44,A14086101,202210.0,9821.295,51239.57
44,A14086101,202211.0,15598.9225,57489.3225
44,A14086101,202212.0,20256.9875,66226.5375
46,A14077902,202201.0,43298.83666666667,269048.10333333333
46,A14077902,202202.0,43353.416666666664,261216.33333333334
46,A14077902,202203.0,28861.013333333332,194424.43
46,A14077902,202204.0,30548.763333333332,206606.29666666666
46,A14077902,202205.0,33795.191666666666,203550.54166666666
46,A14077902,202206.0,33253.84333333333,260226.69333333333
46,A14077902,202207.0,60065.74166666667,510330.74166666664
46,A14077902,202208.0,46735.59333333333,688737.4933333333
46,A14077902,202209.0,36460.433333333334,283015.86666666664
46,A14077902,202210.0,30991.351666666666,215500.70166666666
46,A14077902,202211.0,39314.85833333333,222026.075
46,A14077902,202212.0,38565.22,255061.20333333334
47,A14077901,202201.0,90033.81625441696,90033.81625441696
47,A14077901,202202.0,86233.53356890459,86233.53356890459
47,A14077901,202203.0,65345.37102473498,65345.37102473498
47,A14077901,202204.0,67633.95759717314,67633.95759717314
47,A14077901,202205.0,61290.17667844523,61290.17667844523
47,A14077901,202206.0,73989.11660777385,73989.11660777385
47,A14077901,202207.0,123444.06360424028,123444.06360424028
47,A14077901,202208.0,152040.74204946996,152040.74204946996
47,A14077901,202209.0,80057.66784452296,80057.66784452296
47,A14077901,202210.0,61748.44522968198,61748.44522968198
47,A14077901,202211.0,72748.26855123675,72748.26855123675
47,A14077901,202212.0,82744.62897526502,82744.62897526502
48,A10027071,202201.0,4111.0,4111.0
48,A10027071,202202.0,2608.3571428571427,30736.678571428572
48,A10027071,202203.0,2134.3571428571427,33608.5
48,A10027071,202204.0,1174.642857142857,34283.607142857145
48,A10027071,202205.0,-2290.8928571428573,43058.46428571428
48,A10027071,202206.0,-8039.464285714285,54294.42857142857
48,A10027071,202207.0,-5890.5,82287.39285714286
48,A10027071,202208.0,-4684.392857142857,74419.75
48,A10027071,202209.0,-6320.428571428572,54432.107142857145
48,A10027071,202210.0,691.0714285714286,41418.142857142855
48,A10027071,202211.0,2577.6785714285716,37045.5
48,A10027071,202212.0,4954.785714285715,42371.67857142857
50,A10025192,202201.0,157584.17302052787,376285.5806451613
50,A10025192,202202.0,164849.45454545456,375250.9208211144
50,A10025192,202203.0,127881.28739002932,297205.48093841644
50,A10025192,202204.0,120160.06451612903,302692.61583577713
50,A10025192,202205.0,110476.9120234604,286963.9794721408
50,A10025192,202206.0,142703.31085043988,358736.2140762463
50,A10025192,202207.0,174289.6099706745,646472.4545454546
50,A10025192,202208.0,199124.8357771261,866796.4780058651
50,A10025192,202209.0,152401.7624633431,493566.5718475073
50,A10025192,202210.0,124528.27565982405,334050.2404692082
50,A10025192,202211.0,152172.0879765396,346566.51612903224
50,A10025192,202212.0,136401.67155425219,372985.6304985337
53,A14024001,202201.0,38256.976744186046,93086.45348837209
53,A14024001,202202.0,38055.17441860465,91125.0
53,A14024001,202203.0,29908.023255813954,69272.67441860466
53,A14024001,202204.0,32205.581395348836,73637.03488372093
53,A14024001,202205.0,28022.558139534885,65646.62790697675
53,A14024001,202206.0,28700.63953488372,72397.09302325582
53,A14024001,202207.0,28609.70930232558,94422.79069767441
53,A14024001,202208.0,29879.593023255813,113426.27906976744
53,A14024001,202209.0,27963.95348837209,78573.43023255814
53,A14024001,202210.0,29379.6511627907,71962.67441860466
53,A14024001,202211.0,32807.5,79017.61627906977
53,A14024001,202212.0,34809.70930232558,90738.72093023256
54,A14024002,202201.0,27652.17948717949,80268.54449472096
54,A14024002,202202.0,26470.422322775263,75977.38310708899
54,A14024002,202203.0,14096.304675716441,52870.53695324284
54,A14024002,202204.0,19481.5987933635,62051.22926093514
54,A14024002,202205.0,9254.984917043741,49259.61538461538
54,A14024002,202206.0,15566.915535444947,62177.541478129715
54,A14024002,202207.0,21015.957767722473,97538.06184012066
54,A14024002,202208.0,14851.742081447965,113419.012066365
54,A14024002,202209.0,13023.265460030167,67503.42383107089
54,A14024002,202210.0,12461.078431372549,56840.5580693816
54,A14024002,202211.0,21755.76923076923,68724.9245852187
54,A14024002,202212.0,28315.211161387633,80085.7616892911
55,A14082601,202201.0,13315.663716814159,49804.20353982301
55,A14082601,202202.0,9681.814159292035,51717.03539823009
55,A14082601,202203.0,11626.194690265487,45118.23008849558
55,A14082601,202204.0,10335.044247787611,46049.601769911504
55,A14082601,202205.0,8332.12389380531,39882.38938053097
55,A14082601,202206.0,9378.185840707965,40594.24778761062
55,A14082601,202207.0,8746.225663716814,47189.72123893805
55,A14082601,202208.0,14513.907079646018,69414.39380530974
55,A14082601,202209.0,4953.58407079646,59857.345132743365
55,A14082601,202210.0,9828.58407079646,45951.238938053095
55,A14082601,202211.0,7590.088495575221,44874.24778761062
55,A14082601,202212.0,10483.407079646018,46639.734513274336
56,A14082302,202201.0,48335.371900826445,48335.371900826445
56,A14082302,202202.0,47765.04132231405,47765.04132231405
56,A14082302,202203.0,39882.23140495868,39882.23140495868
56,A14082302,202204.0,42712.479338842975,42712.479338842975
56,A14082302,202205.0,38991.652892561986,38991.652892561986
56,A14082302,202206.0,41382.14876033058,41382.14876033058
56,A14082302,202207.0,54998.842975206615,54998.842975206615
56,A14082302,202208.0,61577.10743801653,61577.10743801653
56,A14082302,202209.0,48261.03305785124,48261.03305785124
56,A14082302,202210.0,43511.44628099174,43511.44628099174
56,A14082302,202211.0,46662.438016528926,46662.438016528926
56,A14082302,202212.0,48565.90909090909,48565.90909090909
